source_id,venue,issn_queried,opf_id,opf_title,listed_in_doaj,opf_publisher,policy_id,oa_prohibited,article_version,license,embargo_amount,embargo_units,additional_oa_fee,locations,named_repositories,prerequisite_funders
S2495644771,Journal of Water Sanitation and Hygiene for Development,2043-9083,13280,"Journal of Water, Sanitation & Hygiene for Development",yes,IWA Publishing,3241,no,published,cc_by;cc_by_nd,NA,NA,no,any_website;this_journal,NA,NA
S2495644771,Journal of Water Sanitation and Hygiene for Development,2043-9083,13280,"Journal of Water, Sanitation & Hygiene for Development",yes,IWA Publishing,3241,no,published,cc_by_nc,NA,NA,no,non_commercial_website;this_journal,NA,NA
S2495644771,Journal of Water Sanitation and Hygiene for Development,2043-9083,13280,"Journal of Water, Sanitation & Hygiene for Development",yes,IWA Publishing,3241,no,submitted;accepted,NA,NA,NA,NA,authors_homepage;institutional_repository;institutional_website;preprint_repository;subject_repository,NA,NA
S4210228842,Journal of Water Supply Research and Technology—AQUA,2709-8028,13281,"AQUA - Water Infrastructure, Ecosystems and Society",yes,IWA Publishing,3241,no,published,cc_by;cc_by_nd,NA,NA,no,any_website;this_journal,NA,NA
S4210228842,Journal of Water Supply Research and Technology—AQUA,2709-8028,13281,"AQUA - Water Infrastructure, Ecosystems and Society",yes,IWA Publishing,3241,no,published,cc_by_nc,NA,NA,no,non_commercial_website;this_journal,NA,NA
S4210228842,Journal of Water Supply Research and Technology—AQUA,2709-8028,13281,"AQUA - Water Infrastructure, Ecosystems and Society",yes,IWA Publishing,3241,no,submitted;accepted,NA,NA,NA,NA,authors_homepage;institutional_repository;institutional_website;preprint_repository;subject_repository,NA,NA
S26443501,Journal of Water and Health,1477-8920,13279,Journal of Water & Health,yes,IWA Publishing,3241,no,published,cc_by;cc_by_nd,NA,NA,no,any_website;this_journal,NA,NA
S26443501,Journal of Water and Health,1477-8920,13279,Journal of Water & Health,yes,IWA Publishing,3241,no,published,cc_by_nc,NA,NA,no,non_commercial_website;this_journal,NA,NA
S26443501,Journal of Water and Health,1477-8920,13279,Journal of Water & Health,yes,IWA Publishing,3241,no,submitted;accepted,NA,NA,NA,NA,authors_homepage;institutional_repository;institutional_website;preprint_repository;subject_repository,NA,NA
S124453322,Water Science & Technology Water Supply,1606-9749,13288,Water Supply,yes,IWA Publishing,3241,no,published,cc_by;cc_by_nd,NA,NA,no,any_website;this_journal,NA,NA
S124453322,Water Science & Technology Water Supply,1606-9749,13288,Water Supply,yes,IWA Publishing,3241,no,published,cc_by_nc,NA,NA,no,non_commercial_website;this_journal,NA,NA
S124453322,Water Science & Technology Water Supply,1606-9749,13288,Water Supply,yes,IWA Publishing,3241,no,submitted;accepted,NA,NA,NA,NA,authors_homepage;institutional_repository;institutional_website;preprint_repository;subject_repository,NA,NA
S137656717,Water Practice & Technology,1751-231X,13285,Water Practice & Technology,yes,IWA Publishing,3241,no,published,cc_by;cc_by_nd,NA,NA,no,any_website;this_journal,NA,NA
S137656717,Water Practice & Technology,1751-231X,13285,Water Practice & Technology,yes,IWA Publishing,3241,no,published,cc_by_nc,NA,NA,no,non_commercial_website;this_journal,NA,NA
S137656717,Water Practice & Technology,1751-231X,13285,Water Practice & Technology,yes,IWA Publishing,3241,no,submitted;accepted,NA,NA,NA,NA,authors_homepage;institutional_repository;institutional_website;preprint_repository;subject_repository,NA,NA
S2764879708,China Water & Wastewater,NA,NA,NA,NA,NA,NA,NA,NA,NA,NA,NA,NA,NA,NA,NA
S2764434589,Journal of Water Process Engineering,2214-7144,33322,Journal of Water Process Engineering,no,Elsevier,7298,no,submitted,NA,NA,NA,no,any_website;named_repository,arXiv;RePEC,NA
S2764434589,Journal of Water Process Engineering,2214-7144,33322,Journal of Water Process Engineering,no,Elsevier,7298,no,accepted,cc_by_nc_nd,NA,NA,no,authors_homepage;named_repository,arXiv;RePEC,NA
S2764434589,Journal of Water Process Engineering,2214-7144,33322,Journal of Water Process Engineering,no,Elsevier,7298,no,accepted,cc_by_nc_nd,24,months,no,institutional_repository;subject_repository,NA,NA
S2764434589,Journal of Water Process Engineering,2214-7144,33322,Journal of Water Process Engineering,no,Elsevier,7298,no,published,cc_by_nc_nd;cc_by_nc,NA,NA,yes,named_repository;non_commercial_repository;non_commercial_website;this_journal,PubMed Central;Research for Development Repository;ESRC Research Catalogue,NA
S2764434589,Journal of Water Process Engineering,2214-7144,33322,Journal of Water Process Engineering,no,Elsevier,7298,no,published,cc_by,NA,NA,yes,any_website;institutional_repository;named_repository;subject_repository;this_journal,PubMed Central;Research for Development Repository;ESRC Research Catalogue,NA
S2764434589,Journal of Water Process Engineering,2214-7144,33322,Journal of Water Process Engineering,no,Elsevier,7298,no,published,cc_by,NA,NA,yes,any_repository;institutional_repository;named_repository;subject_repository;this_journal,PubMed Central;Research for Development Repository;ESRC Research Catalogue,"Wellcome Trust;en;name;name;Name;en;en;English;en;British Heart Foundation;en;BHF;name;name;Name;en;en;English;en;Versus Arthritis;en;name;name;Name;en;en;English;en;Biotechnology and Biological Sciences Research Council;en;BBSRC;name;name;Name;en;en;English;en;Blood Cancer UK;en;en;English;en;Gates Foundation;en;GF;en;English;en;Cancer Research UK;en;en;English;en;Chief Scientist Office, Scottish Executive;en;CSO;name;name;Name;en;en;English;en;Department of Health & Social Care (2014);en;DH;name;name;Name;en;en;English;en;National Institute for Health Research (2014);en;NIHR;name;name;Name;en;en;English;en;Vivensa Foundation;en;name;name;Name;en;en;English;en;European Research Council;en;ERC;name;name;Name;en;en;English;en;Medical Research Council;en;MRC;name;name;Name;en;en;English;en;Motor Neuron Disease Association;en;MND Association;name;name;Name;en;en;English;en;Parkinson's UK;en;name;name;Name;en;en;English;en;Telethon Foundation;en;en;English;en;Fondazione Telethon;it;it;Italian;en;National Institute for Health and Care Research;en;NIHR;name;name;Name;en;en;English;en"
S2764434589,Journal of Water Process Engineering,2214-7144,33322,Journal of Water Process Engineering,no,Elsevier,7298,no,accepted,cc_by_nc_nd,12,months,no,institutional_repository;subject_repository,NA,Wellcome Trust;en;name;name;Name;en;en;English;en;UK Research and Innovation;UKRI;acronym;acronym;Acronym;en;Research England (UKRI)
S4210201235,ACS ES&T Water,2690-0637,38830,ACS ES&T Water,no,American Chemical Society,4,no,submitted,NA,NA,NA,no,authors_homepage;named_repository;preprint_repository;subject_repository,ChemRxiv;bioRxiv;arXiv,NA
S4210201235,ACS ES&T Water,2690-0637,38830,ACS ES&T Water,no,American Chemical Society,4,no,accepted,NA,12,months,no,authors_homepage;non_commercial_institutional_repository;non_commercial_subject_repository,NA,NA
S4210201235,ACS ES&T Water,2690-0637,38830,ACS ES&T Water,no,American Chemical Society,4,no,published,cc_by;cc_by_nc_nd,NA,NA,yes,any_website;funder_designated_location;named_repository;this_journal,PubMed Central,NA
S4210201235,ACS ES&T Water,2690-0637,38830,ACS ES&T Water,no,American Chemical Society,4,no,published,cc_by;cc_by_nc_nd,12,months,yes,any_website;authors_homepage;institutional_repository;named_repository;this_journal,PubMed Central,NA
S4210201235,ACS ES&T Water,2690-0637,38830,ACS ES&T Water,no,American Chemical Society,4,no,accepted,NA,NA,NA,yes,institutional_repository;subject_repository,NA,NA
S52566953,Water Research,0043-1354,13286,Water Research,no,Elsevier,7298,no,submitted,NA,NA,NA,no,any_website;named_repository,arXiv;RePEC,NA
S52566953,Water Research,0043-1354,13286,Water Research,no,Elsevier,7298,no,accepted,cc_by_nc_nd,NA,NA,no,authors_homepage;named_repository,arXiv;RePEC,NA
S52566953,Water Research,0043-1354,13286,Water Research,no,Elsevier,7298,no,accepted,cc_by_nc_nd,24,months,no,institutional_repository;subject_repository,NA,NA
S52566953,Water Research,0043-1354,13286,Water Research,no,Elsevier,7298,no,published,cc_by_nc_nd;cc_by_nc,NA,NA,yes,named_repository;non_commercial_repository;non_commercial_website;this_journal,PubMed Central;Research for Development Repository;ESRC Research Catalogue,NA
S52566953,Water Research,0043-1354,13286,Water Research,no,Elsevier,7298,no,published,cc_by,NA,NA,yes,any_website;institutional_repository;named_repository;subject_repository;this_journal,PubMed Central;Research for Development Repository;ESRC Research Catalogue,NA
S52566953,Water Research,0043-1354,13286,Water Research,no,Elsevier,7298,no,published,cc_by,NA,NA,yes,any_repository;institutional_repository;named_repository;subject_repository;this_journal,PubMed Central;Research for Development Repository;ESRC Research Catalogue,"Wellcome Trust;en;name;name;Name;en;en;English;en;British Heart Foundation;en;BHF;name;name;Name;en;en;English;en;Versus Arthritis;en;name;name;Name;en;en;English;en;Biotechnology and Biological Sciences Research Council;en;BBSRC;name;name;Name;en;en;English;en;Blood Cancer UK;en;en;English;en;Gates Foundation;en;GF;en;English;en;Cancer Research UK;en;en;English;en;Chief Scientist Office, Scottish Executive;en;CSO;name;name;Name;en;en;English;en;Department of Health & Social Care (2014);en;DH;name;name;Name;en;en;English;en;National Institute for Health Research (2014);en;NIHR;name;name;Name;en;en;English;en;Vivensa Foundation;en;name;name;Name;en;en;English;en;European Research Council;en;ERC;name;name;Name;en;en;English;en;Medical Research Council;en;MRC;name;name;Name;en;en;English;en;Motor Neuron Disease Association;en;MND Association;name;name;Name;en;en;English;en;Parkinson's UK;en;name;name;Name;en;en;English;en;Telethon Foundation;en;en;English;en;Fondazione Telethon;it;it;Italian;en;National Institute for Health and Care Research;en;NIHR;name;name;Name;en;en;English;en"
S52566953,Water Research,0043-1354,13286,Water Research,no,Elsevier,7298,no,accepted,cc_by_nc_nd,12,months,no,institutional_repository;subject_repository,NA,Wellcome Trust;en;name;name;Name;en;en;English;en;UK Research and Innovation;UKRI;acronym;acronym;Acronym;en;Research England (UKRI)
S2764931087,Applied Water Science,2190-5487,19363,Applied Water Science,yes,Springer,3296,no,submitted,NA,NA,NA,no,authors_homepage;preprint_repository,NA,NA
S2764931087,Applied Water Science,2190-5487,19363,Applied Water Science,yes,Springer,3296,no,published,cc_by,NA,NA,no,any_website;named_repository;this_journal,PubMed Central,NA
S2764931087,Applied Water Science,2190-5487,19363,Applied Water Science,yes,Springer,3296,no,accepted,cc_by,NA,NA,no,any_website,NA,NA
S53450646,Water Science & Technology,0273-1223,13287,Water Science & Technology,yes,IWA Publishing,3241,no,published,cc_by;cc_by_nd,NA,NA,no,any_website;this_journal,NA,NA
S53450646,Water Science & Technology,0273-1223,13287,Water Science & Technology,yes,IWA Publishing,3241,no,published,cc_by_nc,NA,NA,no,non_commercial_website;this_journal,NA,NA
S53450646,Water Science & Technology,0273-1223,13287,Water Science & Technology,yes,IWA Publishing,3241,no,submitted;accepted,NA,NA,NA,NA,authors_homepage;institutional_repository;institutional_website;preprint_repository;subject_repository,NA,NA
S2764832999,Scientific investigations report,NA,NA,NA,NA,NA,NA,NA,NA,NA,NA,NA,NA,NA,NA,NA
S130511131,Water Environment Research,1061-4303,37179,Water Environment Research,no,Wiley,7311,no,submitted,NA,NA,NA,no,authors_homepage;institutional_repository;named_repository;preprint_repository;subject_repository,arXiv;AgEcon;PhilPapers;PubMed Central;SSRN;RePEC,NA
S130511131,Water Environment Research,1061-4303,37179,Water Environment Research,no,Wiley,7311,no,published,cc_by,NA,NA,yes,any_website;named_repository;this_journal,PubMed Central,NA
S130511131,Water Environment Research,1061-4303,37179,Water Environment Research,no,Wiley,7311,no,published,cc_by_nc;cc_by_nc_nd,NA,NA,yes,named_repository;non_commercial_website;this_journal,PubMed Central,NA
S130511131,Water Environment Research,1061-4303,37179,Water Environment Research,no,Wiley,7311,no,accepted,NA,12,months,no,authors_homepage;named_repository;non_commercial_institutional_repository,arXiv;AgEcon;PhilPapers;PubMed Central;RePEc;SSRN,NA
S134216166,Water,2073-4441,17529,Water,no,MDPI,487,no,submitted;accepted,cc_by,NA,NA,no,any_website,NA,NA
S134216166,Water,2073-4441,17529,Water,no,MDPI,487,no,published,cc_by,NA,NA,no,any_website;this_journal,NA,NA
S124203677,Desalination and Water Treatment,1944-3986,46873,Desalination and Water Treatment,NA,Elsevier,6914,no,published,cc_by,NA,NA,no,any_website;this_journal,NA,NA
S124203677,Desalination and Water Treatment,1944-3986,46873,Desalination and Water Treatment,NA,Elsevier,6914,no,published,cc_by_nc;cc_by_nc_nd,NA,NA,no,non_commercial_website;this_journal,NA,NA
S86512602,Desalination,0011-9164,16875,Desalination,no,Elsevier,7298,no,submitted,NA,NA,NA,no,any_website;named_repository,arXiv;RePEC,NA
S86512602,Desalination,0011-9164,16875,Desalination,no,Elsevier,7298,no,accepted,cc_by_nc_nd,NA,NA,no,authors_homepage;named_repository,arXiv;RePEC,NA
S86512602,Desalination,0011-9164,16875,Desalination,no,Elsevier,7298,no,accepted,cc_by_nc_nd,24,months,no,institutional_repository;subject_repository,NA,NA
S86512602,Desalination,0011-9164,16875,Desalination,no,Elsevier,7298,no,published,cc_by_nc_nd;cc_by_nc,NA,NA,yes,named_repository;non_commercial_repository;non_commercial_website;this_journal,PubMed Central;Research for Development Repository;ESRC Research Catalogue,NA
S86512602,Desalination,0011-9164,16875,Desalination,no,Elsevier,7298,no,published,cc_by,NA,NA,yes,any_website;institutional_repository;named_repository;subject_repository;this_journal,PubMed Central;Research for Development Repository;ESRC Research Catalogue,NA
S86512602,Desalination,0011-9164,16875,Desalination,no,Elsevier,7298,no,published,cc_by,NA,NA,yes,any_repository;institutional_repository;named_repository;subject_repository;this_journal,PubMed Central;Research for Development Repository;ESRC Research Catalogue,"Wellcome Trust;en;name;name;Name;en;en;English;en;British Heart Foundation;en;BHF;name;name;Name;en;en;English;en;Versus Arthritis;en;name;name;Name;en;en;English;en;Biotechnology and Biological Sciences Research Council;en;BBSRC;name;name;Name;en;en;English;en;Blood Cancer UK;en;en;English;en;Gates Foundation;en;GF;en;English;en;Cancer Research UK;en;en;English;en;Chief Scientist Office, Scottish Executive;en;CSO;name;name;Name;en;en;English;en;Department of Health & Social Care (2014);en;DH;name;name;Name;en;en;English;en;National Institute for Health Research (2014);en;NIHR;name;name;Name;en;en;English;en;Vivensa Foundation;en;name;name;Name;en;en;English;en;European Research Council;en;ERC;name;name;Name;en;en;English;en;Medical Research Council;en;MRC;name;name;Name;en;en;English;en;Motor Neuron Disease Association;en;MND Association;name;name;Name;en;en;English;en;Parkinson's UK;en;name;name;Name;en;en;English;en;Telethon Foundation;en;en;English;en;Fondazione Telethon;it;it;Italian;en;National Institute for Health and Care Research;en;NIHR;name;name;Name;en;en;English;en"
S86512602,Desalination,0011-9164,16875,Desalination,no,Elsevier,7298,no,accepted,cc_by_nc_nd,12,months,no,institutional_repository;subject_repository,NA,Wellcome Trust;en;name;name;Name;en;en;English;en;UK Research and Innovation;UKRI;acronym;acronym;Acronym;en;Research England (UKRI)
S2764859491,Journal of environmental chemical engineering,2213-2929,29690,Journal of Environmental Chemical Engineering,no,Elsevier,7298,no,submitted,NA,NA,NA,no,any_website;named_repository,arXiv;RePEC,NA
S2764859491,Journal of environmental chemical engineering,2213-2929,29690,Journal of Environmental Chemical Engineering,no,Elsevier,7298,no,accepted,cc_by_nc_nd,NA,NA,no,authors_homepage;named_repository,arXiv;RePEC,NA
S2764859491,Journal of environmental chemical engineering,2213-2929,29690,Journal of Environmental Chemical Engineering,no,Elsevier,7298,no,accepted,cc_by_nc_nd,24,months,no,institutional_repository;subject_repository,NA,NA
S2764859491,Journal of environmental chemical engineering,2213-2929,29690,Journal of Environmental Chemical Engineering,no,Elsevier,7298,no,published,cc_by_nc_nd;cc_by_nc,NA,NA,yes,named_repository;non_commercial_repository;non_commercial_website;this_journal,PubMed Central;Research for Development Repository;ESRC Research Catalogue,NA
S2764859491,Journal of environmental chemical engineering,2213-2929,29690,Journal of Environmental Chemical Engineering,no,Elsevier,7298,no,published,cc_by,NA,NA,yes,any_website;institutional_repository;named_repository;subject_repository;this_journal,PubMed Central;Research for Development Repository;ESRC Research Catalogue,NA
S2764859491,Journal of environmental chemical engineering,2213-2929,29690,Journal of Environmental Chemical Engineering,no,Elsevier,7298,no,published,cc_by,NA,NA,yes,any_repository;institutional_repository;named_repository;subject_repository;this_journal,PubMed Central;Research for Development Repository;ESRC Research Catalogue,"Wellcome Trust;en;name;name;Name;en;en;English;en;British Heart Foundation;en;BHF;name;name;Name;en;en;English;en;Versus Arthritis;en;name;name;Name;en;en;English;en;Biotechnology and Biological Sciences Research Council;en;BBSRC;name;name;Name;en;en;English;en;Blood Cancer UK;en;en;English;en;Gates Foundation;en;GF;en;English;en;Cancer Research UK;en;en;English;en;Chief Scientist Office, Scottish Executive;en;CSO;name;name;Name;en;en;English;en;Department of Health & Social Care (2014);en;DH;name;name;Name;en;en;English;en;National Institute for Health Research (2014);en;NIHR;name;name;Name;en;en;English;en;Vivensa Foundation;en;name;name;Name;en;en;English;en;European Research Council;en;ERC;name;name;Name;en;en;English;en;Medical Research Council;en;MRC;name;name;Name;en;en;English;en;Motor Neuron Disease Association;en;MND Association;name;name;Name;en;en;English;en;Parkinson's UK;en;name;name;Name;en;en;English;en;Telethon Foundation;en;en;English;en;Fondazione Telethon;it;it;Italian;en;National Institute for Health and Care Research;en;NIHR;name;name;Name;en;en;English;en"
S2764859491,Journal of environmental chemical engineering,2213-2929,29690,Journal of Environmental Chemical Engineering,no,Elsevier,7298,no,accepted,cc_by_nc_nd,12,months,no,institutional_repository;subject_repository,NA,Wellcome Trust;en;name;name;Name;en;en;English;en;UK Research and Innovation;UKRI;acronym;acronym;Acronym;en;Research England (UKRI)
S11732831,Environmental Monitoring and Assessment,0167-6369,15706,Environmental Monitoring and Assessment,no,Springer,7331,no,published,cc_by_nc_nd,NA,NA,yes,non_commercial_website;this_journal,NA,NA
S11732831,Environmental Monitoring and Assessment,0167-6369,15706,Environmental Monitoring and Assessment,no,Springer,7331,no,published,cc_by,NA,NA,yes,any_website;this_journal,NA,NA
S11732831,Environmental Monitoring and Assessment,0167-6369,15706,Environmental Monitoring and Assessment,no,Springer,7331,no,accepted,NA,12,months,no,non_commercial_repository,NA,NA
S11732831,Environmental Monitoring and Assessment,0167-6369,15706,Environmental Monitoring and Assessment,no,Springer,7331,no,submitted,NA,NA,NA,NA,any_website,NA,NA
S4210200103,Proceedings of the Water Environment Federation,NA,NA,NA,NA,NA,NA,NA,NA,NA,NA,NA,NA,NA,NA,NA
S44455300,Journal of Environmental Management,0301-4797,11372,Journal of Environmental Management,no,Elsevier,7298,no,submitted,NA,NA,NA,no,any_website;named_repository,arXiv;RePEC,NA
S44455300,Journal of Environmental Management,0301-4797,11372,Journal of Environmental Management,no,Elsevier,7298,no,accepted,cc_by_nc_nd,NA,NA,no,authors_homepage;named_repository,arXiv;RePEC,NA
S44455300,Journal of Environmental Management,0301-4797,11372,Journal of Environmental Management,no,Elsevier,7298,no,accepted,cc_by_nc_nd,24,months,no,institutional_repository;subject_repository,NA,NA
S44455300,Journal of Environmental Management,0301-4797,11372,Journal of Environmental Management,no,Elsevier,7298,no,published,cc_by_nc_nd;cc_by_nc,NA,NA,yes,named_repository;non_commercial_repository;non_commercial_website;this_journal,PubMed Central;Research for Development Repository;ESRC Research Catalogue,NA
S44455300,Journal of Environmental Management,0301-4797,11372,Journal of Environmental Management,no,Elsevier,7298,no,published,cc_by,NA,NA,yes,any_website;institutional_repository;named_repository;subject_repository;this_journal,PubMed Central;Research for Development Repository;ESRC Research Catalogue,NA
S44455300,Journal of Environmental Management,0301-4797,11372,Journal of Environmental Management,no,Elsevier,7298,no,published,cc_by,NA,NA,yes,any_repository;institutional_repository;named_repository;subject_repository;this_journal,PubMed Central;Research for Development Repository;ESRC Research Catalogue,"Wellcome Trust;en;name;name;Name;en;en;English;en;British Heart Foundation;en;BHF;name;name;Name;en;en;English;en;Versus Arthritis;en;name;name;Name;en;en;English;en;Biotechnology and Biological Sciences Research Council;en;BBSRC;name;name;Name;en;en;English;en;Blood Cancer UK;en;en;English;en;Gates Foundation;en;GF;en;English;en;Cancer Research UK;en;en;English;en;Chief Scientist Office, Scottish Executive;en;CSO;name;name;Name;en;en;English;en;Department of Health & Social Care (2014);en;DH;name;name;Name;en;en;English;en;National Institute for Health Research (2014);en;NIHR;name;name;Name;en;en;English;en;Vivensa Foundation;en;name;name;Name;en;en;English;en;European Research Council;en;ERC;name;name;Name;en;en;English;en;Medical Research Council;en;MRC;name;name;Name;en;en;English;en;Motor Neuron Disease Association;en;MND Association;name;name;Name;en;en;English;en;Parkinson's UK;en;name;name;Name;en;en;English;en;Telethon Foundation;en;en;English;en;Fondazione Telethon;it;it;Italian;en;National Institute for Health and Care Research;en;NIHR;name;name;Name;en;en;English;en"
S44455300,Journal of Environmental Management,0301-4797,11372,Journal of Environmental Management,no,Elsevier,7298,no,accepted,cc_by_nc_nd,12,months,no,institutional_repository;subject_repository,NA,Wellcome Trust;en;name;name;Name;en;en;English;en;UK Research and Innovation;UKRI;acronym;acronym;Acronym;en;Research England (UKRI)
S140251998,Journal of Biological Chemistry,0021-9258,10347,Journal of Biological Chemistry,yes,Elsevier,2252,no,published,cc_by,NA,NA,no,any_website;named_repository;this_journal,PubMed Central,NA
S140251998,Journal of Biological Chemistry,0021-9258,10347,Journal of Biological Chemistry,yes,Elsevier,2252,no,published,cc_by_nc_nd,NA,NA,no,named_repository;non_commercial_repository;non_commercial_website;this_journal,PubMed Central,NA
S140251998,Journal of Biological Chemistry,0021-9258,10347,Journal of Biological Chemistry,yes,Elsevier,2252,no,submitted;accepted,cc_by_nc_nd,NA,NA,no,named_repository;non_commercial_repository;non_commercial_website,PubMed Central,NA
S140251998,Journal of Biological Chemistry,0021-9258,10347,Journal of Biological Chemistry,yes,Elsevier,2252,no,submitted;accepted,cc_by,NA,NA,no,any_website;named_repository,PubMed Central,NA
S35825460,Journal of Environmental Sciences,1001-0742,12541,Journal of Environmental Sciences,no,Elsevier,7298,no,submitted,NA,NA,NA,no,any_website;named_repository,arXiv;RePEC,NA
S35825460,Journal of Environmental Sciences,1001-0742,12541,Journal of Environmental Sciences,no,Elsevier,7298,no,accepted,cc_by_nc_nd,NA,NA,no,authors_homepage;named_repository,arXiv;RePEC,NA
S35825460,Journal of Environmental Sciences,1001-0742,12541,Journal of Environmental Sciences,no,Elsevier,7298,no,accepted,cc_by_nc_nd,24,months,no,institutional_repository;subject_repository,NA,NA
S35825460,Journal of Environmental Sciences,1001-0742,12541,Journal of Environmental Sciences,no,Elsevier,7298,no,published,cc_by_nc_nd;cc_by_nc,NA,NA,yes,named_repository;non_commercial_repository;non_commercial_website;this_journal,PubMed Central;Research for Development Repository;ESRC Research Catalogue,NA
S35825460,Journal of Environmental Sciences,1001-0742,12541,Journal of Environmental Sciences,no,Elsevier,7298,no,published,cc_by,NA,NA,yes,any_website;institutional_repository;named_repository;subject_repository;this_journal,PubMed Central;Research for Development Repository;ESRC Research Catalogue,NA
S35825460,Journal of Environmental Sciences,1001-0742,12541,Journal of Environmental Sciences,no,Elsevier,7298,no,published,cc_by,NA,NA,yes,any_repository;institutional_repository;named_repository;subject_repository;this_journal,PubMed Central;Research for Development Repository;ESRC Research Catalogue,"Wellcome Trust;en;name;name;Name;en;en;English;en;British Heart Foundation;en;BHF;name;name;Name;en;en;English;en;Versus Arthritis;en;name;name;Name;en;en;English;en;Biotechnology and Biological Sciences Research Council;en;BBSRC;name;name;Name;en;en;English;en;Blood Cancer UK;en;en;English;en;Gates Foundation;en;GF;en;English;en;Cancer Research UK;en;en;English;en;Chief Scientist Office, Scottish Executive;en;CSO;name;name;Name;en;en;English;en;Department of Health & Social Care (2014);en;DH;name;name;Name;en;en;English;en;National Institute for Health Research (2014);en;NIHR;name;name;Name;en;en;English;en;Vivensa Foundation;en;name;name;Name;en;en;English;en;European Research Council;en;ERC;name;name;Name;en;en;English;en;Medical Research Council;en;MRC;name;name;Name;en;en;English;en;Motor Neuron Disease Association;en;MND Association;name;name;Name;en;en;English;en;Parkinson's UK;en;name;name;Name;en;en;English;en;Telethon Foundation;en;en;English;en;Fondazione Telethon;it;it;Italian;en;National Institute for Health and Care Research;en;NIHR;name;name;Name;en;en;English;en"
S35825460,Journal of Environmental Sciences,1001-0742,12541,Journal of Environmental Sciences,no,Elsevier,7298,no,accepted,cc_by_nc_nd,12,months,no,institutional_repository;subject_repository,NA,Wellcome Trust;en;name;name;Name;en;en;English;en;UK Research and Innovation;UKRI;acronym;acronym;Acronym;en;Research England (UKRI)
S86852077,The Science of The Total Environment,0048-9697,15487,Science of the Total Environment,no,Elsevier,7298,no,submitted,NA,NA,NA,no,any_website;named_repository,arXiv;RePEC,NA
S86852077,The Science of The Total Environment,0048-9697,15487,Science of the Total Environment,no,Elsevier,7298,no,accepted,cc_by_nc_nd,NA,NA,no,authors_homepage;named_repository,arXiv;RePEC,NA
S86852077,The Science of The Total Environment,0048-9697,15487,Science of the Total Environment,no,Elsevier,7298,no,accepted,cc_by_nc_nd,24,months,no,institutional_repository;subject_repository,NA,NA
S86852077,The Science of The Total Environment,0048-9697,15487,Science of the Total Environment,no,Elsevier,7298,no,published,cc_by_nc_nd;cc_by_nc,NA,NA,yes,named_repository;non_commercial_repository;non_commercial_website;this_journal,PubMed Central;Research for Development Repository;ESRC Research Catalogue,NA
S86852077,The Science of The Total Environment,0048-9697,15487,Science of the Total Environment,no,Elsevier,7298,no,published,cc_by,NA,NA,yes,any_website;institutional_repository;named_repository;subject_repository;this_journal,PubMed Central;Research for Development Repository;ESRC Research Catalogue,NA
S86852077,The Science of The Total Environment,0048-9697,15487,Science of the Total Environment,no,Elsevier,7298,no,published,cc_by,NA,NA,yes,any_repository;institutional_repository;named_repository;subject_repository;this_journal,PubMed Central;Research for Development Repository;ESRC Research Catalogue,"Wellcome Trust;en;name;name;Name;en;en;English;en;British Heart Foundation;en;BHF;name;name;Name;en;en;English;en;Versus Arthritis;en;name;name;Name;en;en;English;en;Biotechnology and Biological Sciences Research Council;en;BBSRC;name;name;Name;en;en;English;en;Blood Cancer UK;en;en;English;en;Gates Foundation;en;GF;en;English;en;Cancer Research UK;en;en;English;en;Chief Scientist Office, Scottish Executive;en;CSO;name;name;Name;en;en;English;en;Department of Health & Social Care (2014);en;DH;name;name;Name;en;en;English;en;National Institute for Health Research (2014);en;NIHR;name;name;Name;en;en;English;en;Vivensa Foundation;en;name;name;Name;en;en;English;en;European Research Council;en;ERC;name;name;Name;en;en;English;en;Medical Research Council;en;MRC;name;name;Name;en;en;English;en;Motor Neuron Disease Association;en;MND Association;name;name;Name;en;en;English;en;Parkinson's UK;en;name;name;Name;en;en;English;en;Telethon Foundation;en;en;English;en;Fondazione Telethon;it;it;Italian;en;National Institute for Health and Care Research;en;NIHR;name;name;Name;en;en;English;en"
S86852077,The Science of The Total Environment,0048-9697,15487,Science of the Total Environment,no,Elsevier,7298,no,accepted,cc_by_nc_nd,12,months,no,institutional_repository;subject_repository,NA,Wellcome Trust;en;name;name;Name;en;en;English;en;UK Research and Innovation;UKRI;acronym;acronym;Acronym;en;Research England (UKRI)
S46544255,PLoS neglected tropical diseases,1935-2727,17598,PLoS Neglected Tropical Diseases,yes,Public Library of Science,112,no,published,cc_by,NA,NA,no,any_website;named_repository;this_journal,PubMed Central,NA
S46544255,PLoS neglected tropical diseases,1935-2727,17598,PLoS Neglected Tropical Diseases,yes,Public Library of Science,112,no,accepted,cc_by,NA,NA,no,any_website;institutional_repository,NA,NA
S46544255,PLoS neglected tropical diseases,1935-2727,17598,PLoS Neglected Tropical Diseases,yes,Public Library of Science,112,no,submitted,cc_by,NA,NA,no,institutional_repository;preprint_repository,NA,NA
S69753523,Separation and Purification Technology,1383-5866,16964,Separation and Purification Technology,no,Elsevier,7298,no,submitted,NA,NA,NA,no,any_website;named_repository,arXiv;RePEC,NA
S69753523,Separation and Purification Technology,1383-5866,16964,Separation and Purification Technology,no,Elsevier,7298,no,accepted,cc_by_nc_nd,NA,NA,no,authors_homepage;named_repository,arXiv;RePEC,NA
S69753523,Separation and Purification Technology,1383-5866,16964,Separation and Purification Technology,no,Elsevier,7298,no,accepted,cc_by_nc_nd,24,months,no,institutional_repository;subject_repository,NA,NA
S69753523,Separation and Purification Technology,1383-5866,16964,Separation and Purification Technology,no,Elsevier,7298,no,published,cc_by_nc_nd;cc_by_nc,NA,NA,yes,named_repository;non_commercial_repository;non_commercial_website;this_journal,PubMed Central;Research for Development Repository;ESRC Research Catalogue,NA
S69753523,Separation and Purification Technology,1383-5866,16964,Separation and Purification Technology,no,Elsevier,7298,no,published,cc_by,NA,NA,yes,any_website;institutional_repository;named_repository;subject_repository;this_journal,PubMed Central;Research for Development Repository;ESRC Research Catalogue,NA
S69753523,Separation and Purification Technology,1383-5866,16964,Separation and Purification Technology,no,Elsevier,7298,no,published,cc_by,NA,NA,yes,any_repository;institutional_repository;named_repository;subject_repository;this_journal,PubMed Central;Research for Development Repository;ESRC Research Catalogue,"Wellcome Trust;en;name;name;Name;en;en;English;en;British Heart Foundation;en;BHF;name;name;Name;en;en;English;en;Versus Arthritis;en;name;name;Name;en;en;English;en;Biotechnology and Biological Sciences Research Council;en;BBSRC;name;name;Name;en;en;English;en;Blood Cancer UK;en;en;English;en;Gates Foundation;en;GF;en;English;en;Cancer Research UK;en;en;English;en;Chief Scientist Office, Scottish Executive;en;CSO;name;name;Name;en;en;English;en;Department of Health & Social Care (2014);en;DH;name;name;Name;en;en;English;en;National Institute for Health Research (2014);en;NIHR;name;name;Name;en;en;English;en;Vivensa Foundation;en;name;name;Name;en;en;English;en;European Research Council;en;ERC;name;name;Name;en;en;English;en;Medical Research Council;en;MRC;name;name;Name;en;en;English;en;Motor Neuron Disease Association;en;MND Association;name;name;Name;en;en;English;en;Parkinson's UK;en;name;name;Name;en;en;English;en;Telethon Foundation;en;en;English;en;Fondazione Telethon;it;it;Italian;en;National Institute for Health and Care Research;en;NIHR;name;name;Name;en;en;English;en"
S69753523,Separation and Purification Technology,1383-5866,16964,Separation and Purification Technology,no,Elsevier,7298,no,accepted,cc_by_nc_nd,12,months,no,institutional_repository;subject_repository,NA,Wellcome Trust;en;name;name;Name;en;en;English;en;UK Research and Innovation;UKRI;acronym;acronym;Acronym;en;Research England (UKRI)
S87561820,Environmental Science and Pollution Research,0944-1344,7949,Environmental Science and Pollution Research,no,Springer,7331,no,published,cc_by_nc_nd,NA,NA,yes,non_commercial_website;this_journal,NA,NA
S87561820,Environmental Science and Pollution Research,0944-1344,7949,Environmental Science and Pollution Research,no,Springer,7331,no,published,cc_by,NA,NA,yes,any_website;this_journal,NA,NA
S87561820,Environmental Science and Pollution Research,0944-1344,7949,Environmental Science and Pollution Research,no,Springer,7331,no,accepted,NA,12,months,no,non_commercial_repository,NA,NA
S87561820,Environmental Science and Pollution Research,0944-1344,7949,Environmental Science and Pollution Research,no,Springer,7331,no,submitted,NA,NA,NA,NA,any_website,NA,NA
S203465130,Chemosphere,NA,NA,NA,NA,NA,NA,NA,NA,NA,NA,NA,NA,NA,NA,NA
S4210170078,Oncology Times,NA,NA,NA,NA,NA,NA,NA,NA,NA,NA,NA,NA,NA,NA,NA
S13479253,Environmental Science & Technology,0013-936X,7774,Environmental Science & Technology,no,American Chemical Society,4,no,submitted,NA,NA,NA,no,authors_homepage;named_repository;preprint_repository;subject_repository,ChemRxiv;bioRxiv;arXiv,NA
S13479253,Environmental Science & Technology,0013-936X,7774,Environmental Science & Technology,no,American Chemical Society,4,no,accepted,NA,12,months,no,authors_homepage;non_commercial_institutional_repository;non_commercial_subject_repository,NA,NA
S13479253,Environmental Science & Technology,0013-936X,7774,Environmental Science & Technology,no,American Chemical Society,4,no,published,cc_by;cc_by_nc_nd,NA,NA,yes,any_website;funder_designated_location;named_repository;this_journal,PubMed Central,NA
S13479253,Environmental Science & Technology,0013-936X,7774,Environmental Science & Technology,no,American Chemical Society,4,no,published,cc_by;cc_by_nc_nd,12,months,yes,any_website;authors_homepage;institutional_repository;named_repository;this_journal,PubMed Central,NA
S13479253,Environmental Science & Technology,0013-936X,7774,Environmental Science & Technology,no,American Chemical Society,4,no,accepted,NA,NA,NA,yes,institutional_repository;subject_repository,NA,NA
S145089992,Journal of Hazardous Materials,0304-3894,13696,Journal of Hazardous Materials,no,Elsevier,7298,no,submitted,NA,NA,NA,no,any_website;named_repository,arXiv;RePEC,NA
S145089992,Journal of Hazardous Materials,0304-3894,13696,Journal of Hazardous Materials,no,Elsevier,7298,no,accepted,cc_by_nc_nd,NA,NA,no,authors_homepage;named_repository,arXiv;RePEC,NA
S145089992,Journal of Hazardous Materials,0304-3894,13696,Journal of Hazardous Materials,no,Elsevier,7298,no,accepted,cc_by_nc_nd,24,months,no,institutional_repository;subject_repository,NA,NA
S145089992,Journal of Hazardous Materials,0304-3894,13696,Journal of Hazardous Materials,no,Elsevier,7298,no,published,cc_by_nc_nd;cc_by_nc,NA,NA,yes,named_repository;non_commercial_repository;non_commercial_website;this_journal,PubMed Central;Research for Development Repository;ESRC Research Catalogue,NA
S145089992,Journal of Hazardous Materials,0304-3894,13696,Journal of Hazardous Materials,no,Elsevier,7298,no,published,cc_by,NA,NA,yes,any_website;institutional_repository;named_repository;subject_repository;this_journal,PubMed Central;Research for Development Repository;ESRC Research Catalogue,NA
S145089992,Journal of Hazardous Materials,0304-3894,13696,Journal of Hazardous Materials,no,Elsevier,7298,no,published,cc_by,NA,NA,yes,any_repository;institutional_repository;named_repository;subject_repository;this_journal,PubMed Central;Research for Development Repository;ESRC Research Catalogue,"Wellcome Trust;en;name;name;Name;en;en;English;en;British Heart Foundation;en;BHF;name;name;Name;en;en;English;en;Versus Arthritis;en;name;name;Name;en;en;English;en;Biotechnology and Biological Sciences Research Council;en;BBSRC;name;name;Name;en;en;English;en;Blood Cancer UK;en;en;English;en;Gates Foundation;en;GF;en;English;en;Cancer Research UK;en;en;English;en;Chief Scientist Office, Scottish Executive;en;CSO;name;name;Name;en;en;English;en;Department of Health & Social Care (2014);en;DH;name;name;Name;en;en;English;en;National Institute for Health Research (2014);en;NIHR;name;name;Name;en;en;English;en;Vivensa Foundation;en;name;name;Name;en;en;English;en;European Research Council;en;ERC;name;name;Name;en;en;English;en;Medical Research Council;en;MRC;name;name;Name;en;en;English;en;Motor Neuron Disease Association;en;MND Association;name;name;Name;en;en;English;en;Parkinson's UK;en;name;name;Name;en;en;English;en;Telethon Foundation;en;en;English;en;Fondazione Telethon;it;it;Italian;en;National Institute for Health and Care Research;en;NIHR;name;name;Name;en;en;English;en"
S145089992,Journal of Hazardous Materials,0304-3894,13696,Journal of Hazardous Materials,no,Elsevier,7298,no,accepted,cc_by_nc_nd,12,months,no,institutional_repository;subject_repository,NA,Wellcome Trust;en;name;name;Name;en;en;English;en;UK Research and Innovation;UKRI;acronym;acronym;Acronym;en;Research England (UKRI)
S21442059,Bioresource Technology,0960-8524,15496,Bioresource Technology,no,Elsevier,7298,no,submitted,NA,NA,NA,no,any_website;named_repository,arXiv;RePEC,NA
S21442059,Bioresource Technology,0960-8524,15496,Bioresource Technology,no,Elsevier,7298,no,accepted,cc_by_nc_nd,NA,NA,no,authors_homepage;named_repository,arXiv;RePEC,NA
S21442059,Bioresource Technology,0960-8524,15496,Bioresource Technology,no,Elsevier,7298,no,accepted,cc_by_nc_nd,24,months,no,institutional_repository;subject_repository,NA,NA
S21442059,Bioresource Technology,0960-8524,15496,Bioresource Technology,no,Elsevier,7298,no,published,cc_by_nc_nd;cc_by_nc,NA,NA,yes,named_repository;non_commercial_repository;non_commercial_website;this_journal,PubMed Central;Research for Development Repository;ESRC Research Catalogue,NA
S21442059,Bioresource Technology,0960-8524,15496,Bioresource Technology,no,Elsevier,7298,no,published,cc_by,NA,NA,yes,any_website;institutional_repository;named_repository;subject_repository;this_journal,PubMed Central;Research for Development Repository;ESRC Research Catalogue,NA
S21442059,Bioresource Technology,0960-8524,15496,Bioresource Technology,no,Elsevier,7298,no,published,cc_by,NA,NA,yes,any_repository;institutional_repository;named_repository;subject_repository;this_journal,PubMed Central;Research for Development Repository;ESRC Research Catalogue,"Wellcome Trust;en;name;name;Name;en;en;English;en;British Heart Foundation;en;BHF;name;name;Name;en;en;English;en;Versus Arthritis;en;name;name;Name;en;en;English;en;Biotechnology and Biological Sciences Research Council;en;BBSRC;name;name;Name;en;en;English;en;Blood Cancer UK;en;en;English;en;Gates Foundation;en;GF;en;English;en;Cancer Research UK;en;en;English;en;Chief Scientist Office, Scottish Executive;en;CSO;name;name;Name;en;en;English;en;Department of Health & Social Care (2014);en;DH;name;name;Name;en;en;English;en;National Institute for Health Research (2014);en;NIHR;name;name;Name;en;en;English;en;Vivensa Foundation;en;name;name;Name;en;en;English;en;European Research Council;en;ERC;name;name;Name;en;en;English;en;Medical Research Council;en;MRC;name;name;Name;en;en;English;en;Motor Neuron Disease Association;en;MND Association;name;name;Name;en;en;English;en;Parkinson's UK;en;name;name;Name;en;en;English;en;Telethon Foundation;en;en;English;en;Fondazione Telethon;it;it;Italian;en;National Institute for Health and Care Research;en;NIHR;name;name;Name;en;en;English;en"
S21442059,Bioresource Technology,0960-8524,15496,Bioresource Technology,no,Elsevier,7298,no,accepted,cc_by_nc_nd,12,months,no,institutional_repository;subject_repository,NA,Wellcome Trust;en;name;name;Name;en;en;English;en;UK Research and Innovation;UKRI;acronym;acronym;Acronym;en;Research England (UKRI)
S158228368,Applied and Environmental Microbiology,0099-2240,6214,Applied and Environmental Microbiology,no,American Society for Microbiology,16,no,published,NA,12,months,no,this_journal,NA,NA
S158228368,Applied and Environmental Microbiology,0099-2240,6214,Applied and Environmental Microbiology,no,American Society for Microbiology,16,no,published,cc_by,NA,NA,yes,any_website;named_repository;this_journal,PubMed Central,NA
S158228368,Applied and Environmental Microbiology,0099-2240,6214,Applied and Environmental Microbiology,no,American Society for Microbiology,16,no,accepted,cc_by,NA,NA,no,any_website;authors_homepage;institutional_repository;named_repository,PubMed Central,NA
S158228368,Applied and Environmental Microbiology,0099-2240,6214,Applied and Environmental Microbiology,no,American Society for Microbiology,16,no,submitted,NA,NA,NA,no,named_repository;preprint_repository,bioRxiv,NA
S70979998,Applied Microbiology and Biotechnology,0175-7598,7841,Applied Microbiology and Biotechnology,no,Springer,3296,no,submitted,NA,NA,NA,no,authors_homepage;preprint_repository,NA,NA
S70979998,Applied Microbiology and Biotechnology,0175-7598,7841,Applied Microbiology and Biotechnology,no,Springer,3296,no,published,cc_by,NA,NA,no,any_website;named_repository;this_journal,PubMed Central,NA
S70979998,Applied Microbiology and Biotechnology,0175-7598,7841,Applied Microbiology and Biotechnology,no,Springer,3296,no,accepted,cc_by,NA,NA,no,any_website,NA,NA
S100045985,American Journal of Tropical Medicine and Hygiene,0002-9637,10299,The American Journal of Tropical Medicine and Hygiene,no,American Society of Tropical Medicine and Hygiene,280,no,published,NA,12,months,no,institutional_repository;named_repository;subject_repository,PubMed Central,NA
S100045985,American Journal of Tropical Medicine and Hygiene,0002-9637,10299,The American Journal of Tropical Medicine and Hygiene,no,American Society of Tropical Medicine and Hygiene,280,no,published,cc_by,NA,NA,yes,any_website;named_repository;this_journal,PubMed Central,NA
S100045985,American Journal of Tropical Medicine and Hygiene,0002-9637,10299,The American Journal of Tropical Medicine and Hygiene,no,American Society of Tropical Medicine and Hygiene,280,no,accepted,cc_by,NA,NA,no,any_website;institutional_repository;named_repository;subject_repository,Europe PMC,National Institute for Health and Care Research;en;NIHR;name;name;Name;en;en;English;en;UK Research and Innovation;UKRI;acronym;acronym;Acronym;en;Wellcome Trust;en;name;name;Name;en;en;English;en
S100045985,American Journal of Tropical Medicine and Hygiene,0002-9637,10299,The American Journal of Tropical Medicine and Hygiene,no,American Society of Tropical Medicine and Hygiene,280,no,accepted,cc_by,NA,NA,no,any_website;institutional_repository;named_repository;subject_repository,PubMed Central,NA
S201530359,Environmental Pollution,0269-7491,12533,Environmental Pollution,no,Elsevier,7298,no,submitted,NA,NA,NA,no,any_website;named_repository,arXiv;RePEC,NA
S201530359,Environmental Pollution,0269-7491,12533,Environmental Pollution,no,Elsevier,7298,no,accepted,cc_by_nc_nd,NA,NA,no,authors_homepage;named_repository,arXiv;RePEC,NA
S201530359,Environmental Pollution,0269-7491,12533,Environmental Pollution,no,Elsevier,7298,no,accepted,cc_by_nc_nd,24,months,no,institutional_repository;subject_repository,NA,NA
S201530359,Environmental Pollution,0269-7491,12533,Environmental Pollution,no,Elsevier,7298,no,published,cc_by_nc_nd;cc_by_nc,NA,NA,yes,named_repository;non_commercial_repository;non_commercial_website;this_journal,PubMed Central;Research for Development Repository;ESRC Research Catalogue,NA
S201530359,Environmental Pollution,0269-7491,12533,Environmental Pollution,no,Elsevier,7298,no,published,cc_by,NA,NA,yes,any_website;institutional_repository;named_repository;subject_repository;this_journal,PubMed Central;Research for Development Repository;ESRC Research Catalogue,NA
S201530359,Environmental Pollution,0269-7491,12533,Environmental Pollution,no,Elsevier,7298,no,published,cc_by,NA,NA,yes,any_repository;institutional_repository;named_repository;subject_repository;this_journal,PubMed Central;Research for Development Repository;ESRC Research Catalogue,"Wellcome Trust;en;name;name;Name;en;en;English;en;British Heart Foundation;en;BHF;name;name;Name;en;en;English;en;Versus Arthritis;en;name;name;Name;en;en;English;en;Biotechnology and Biological Sciences Research Council;en;BBSRC;name;name;Name;en;en;English;en;Blood Cancer UK;en;en;English;en;Gates Foundation;en;GF;en;English;en;Cancer Research UK;en;en;English;en;Chief Scientist Office, Scottish Executive;en;CSO;name;name;Name;en;en;English;en;Department of Health & Social Care (2014);en;DH;name;name;Name;en;en;English;en;National Institute for Health Research (2014);en;NIHR;name;name;Name;en;en;English;en;Vivensa Foundation;en;name;name;Name;en;en;English;en;European Research Council;en;ERC;name;name;Name;en;en;English;en;Medical Research Council;en;MRC;name;name;Name;en;en;English;en;Motor Neuron Disease Association;en;MND Association;name;name;Name;en;en;English;en;Parkinson's UK;en;name;name;Name;en;en;English;en;Telethon Foundation;en;en;English;en;Fondazione Telethon;it;it;Italian;en;National Institute for Health and Care Research;en;NIHR;name;name;Name;en;en;English;en"
S201530359,Environmental Pollution,0269-7491,12533,Environmental Pollution,no,Elsevier,7298,no,accepted,cc_by_nc_nd,12,months,no,institutional_repository;subject_repository,NA,Wellcome Trust;en;name;name;Name;en;en;English;en;UK Research and Innovation;UKRI;acronym;acronym;Acronym;en;Research England (UKRI)
S149937609,Chemical Engineering Journal,1385-8947,16515,Chemical Engineering Journal,no,Elsevier,7298,no,submitted,NA,NA,NA,no,any_website;named_repository,arXiv;RePEC,NA
S149937609,Chemical Engineering Journal,1385-8947,16515,Chemical Engineering Journal,no,Elsevier,7298,no,accepted,cc_by_nc_nd,NA,NA,no,authors_homepage;named_repository,arXiv;RePEC,NA
S149937609,Chemical Engineering Journal,1385-8947,16515,Chemical Engineering Journal,no,Elsevier,7298,no,accepted,cc_by_nc_nd,24,months,no,institutional_repository;subject_repository,NA,NA
S149937609,Chemical Engineering Journal,1385-8947,16515,Chemical Engineering Journal,no,Elsevier,7298,no,published,cc_by_nc_nd;cc_by_nc,NA,NA,yes,named_repository;non_commercial_repository;non_commercial_website;this_journal,PubMed Central;Research for Development Repository;ESRC Research Catalogue,NA
S149937609,Chemical Engineering Journal,1385-8947,16515,Chemical Engineering Journal,no,Elsevier,7298,no,published,cc_by,NA,NA,yes,any_website;institutional_repository;named_repository;subject_repository;this_journal,PubMed Central;Research for Development Repository;ESRC Research Catalogue,NA
S149937609,Chemical Engineering Journal,1385-8947,16515,Chemical Engineering Journal,no,Elsevier,7298,no,published,cc_by,NA,NA,yes,any_repository;institutional_repository;named_repository;subject_repository;this_journal,PubMed Central;Research for Development Repository;ESRC Research Catalogue,"Wellcome Trust;en;name;name;Name;en;en;English;en;British Heart Foundation;en;BHF;name;name;Name;en;en;English;en;Versus Arthritis;en;name;name;Name;en;en;English;en;Biotechnology and Biological Sciences Research Council;en;BBSRC;name;name;Name;en;en;English;en;Blood Cancer UK;en;en;English;en;Gates Foundation;en;GF;en;English;en;Cancer Research UK;en;en;English;en;Chief Scientist Office, Scottish Executive;en;CSO;name;name;Name;en;en;English;en;Department of Health & Social Care (2014);en;DH;name;name;Name;en;en;English;en;National Institute for Health Research (2014);en;NIHR;name;name;Name;en;en;English;en;Vivensa Foundation;en;name;name;Name;en;en;English;en;European Research Council;en;ERC;name;name;Name;en;en;English;en;Medical Research Council;en;MRC;name;name;Name;en;en;English;en;Motor Neuron Disease Association;en;MND Association;name;name;Name;en;en;English;en;Parkinson's UK;en;name;name;Name;en;en;English;en;Telethon Foundation;en;en;English;en;Fondazione Telethon;it;it;Italian;en;National Institute for Health and Care Research;en;NIHR;name;name;Name;en;en;English;en"
S149937609,Chemical Engineering Journal,1385-8947,16515,Chemical Engineering Journal,no,Elsevier,7298,no,accepted,cc_by_nc_nd,12,months,no,institutional_repository;subject_repository,NA,Wellcome Trust;en;name;name;Name;en;en;English;en;UK Research and Innovation;UKRI;acronym;acronym;Acronym;en;Research England (UKRI)
S119469986,Journal of Membrane Science,0376-7388,14004,Journal of Membrane Science,no,Elsevier,7298,no,submitted,NA,NA,NA,no,any_website;named_repository,arXiv;RePEC,NA
S119469986,Journal of Membrane Science,0376-7388,14004,Journal of Membrane Science,no,Elsevier,7298,no,accepted,cc_by_nc_nd,NA,NA,no,authors_homepage;named_repository,arXiv;RePEC,NA
S119469986,Journal of Membrane Science,0376-7388,14004,Journal of Membrane Science,no,Elsevier,7298,no,accepted,cc_by_nc_nd,24,months,no,institutional_repository;subject_repository,NA,NA
S119469986,Journal of Membrane Science,0376-7388,14004,Journal of Membrane Science,no,Elsevier,7298,no,published,cc_by_nc_nd;cc_by_nc,NA,NA,yes,named_repository;non_commercial_repository;non_commercial_website;this_journal,PubMed Central;Research for Development Repository;ESRC Research Catalogue,NA
S119469986,Journal of Membrane Science,0376-7388,14004,Journal of Membrane Science,no,Elsevier,7298,no,published,cc_by,NA,NA,yes,any_website;institutional_repository;named_repository;subject_repository;this_journal,PubMed Central;Research for Development Repository;ESRC Research Catalogue,NA
S119469986,Journal of Membrane Science,0376-7388,14004,Journal of Membrane Science,no,Elsevier,7298,no,published,cc_by,NA,NA,yes,any_repository;institutional_repository;named_repository;subject_repository;this_journal,PubMed Central;Research for Development Repository;ESRC Research Catalogue,"Wellcome Trust;en;name;name;Name;en;en;English;en;British Heart Foundation;en;BHF;name;name;Name;en;en;English;en;Versus Arthritis;en;name;name;Name;en;en;English;en;Biotechnology and Biological Sciences Research Council;en;BBSRC;name;name;Name;en;en;English;en;Blood Cancer UK;en;en;English;en;Gates Foundation;en;GF;en;English;en;Cancer Research UK;en;en;English;en;Chief Scientist Office, Scottish Executive;en;CSO;name;name;Name;en;en;English;en;Department of Health & Social Care (2014);en;DH;name;name;Name;en;en;English;en;National Institute for Health Research (2014);en;NIHR;name;name;Name;en;en;English;en;Vivensa Foundation;en;name;name;Name;en;en;English;en;European Research Council;en;ERC;name;name;Name;en;en;English;en;Medical Research Council;en;MRC;name;name;Name;en;en;English;en;Motor Neuron Disease Association;en;MND Association;name;name;Name;en;en;English;en;Parkinson's UK;en;name;name;Name;en;en;English;en;Telethon Foundation;en;en;English;en;Fondazione Telethon;it;it;Italian;en;National Institute for Health and Care Research;en;NIHR;name;name;Name;en;en;English;en"
S119469986,Journal of Membrane Science,0376-7388,14004,Journal of Membrane Science,no,Elsevier,7298,no,accepted,cc_by_nc_nd,12,months,no,institutional_repository;subject_repository,NA,Wellcome Trust;en;name;name;Name;en;en;English;en;UK Research and Innovation;UKRI;acronym;acronym;Acronym;en;Research England (UKRI)
S58516903,Journal of Cleaner Production,0959-6526,13808,Journal of Cleaner Production,no,Elsevier,7298,no,submitted,NA,NA,NA,no,any_website;named_repository,arXiv;RePEC,NA
S58516903,Journal of Cleaner Production,0959-6526,13808,Journal of Cleaner Production,no,Elsevier,7298,no,accepted,cc_by_nc_nd,NA,NA,no,authors_homepage;named_repository,arXiv;RePEC,NA
S58516903,Journal of Cleaner Production,0959-6526,13808,Journal of Cleaner Production,no,Elsevier,7298,no,accepted,cc_by_nc_nd,24,months,no,institutional_repository;subject_repository,NA,NA
S58516903,Journal of Cleaner Production,0959-6526,13808,Journal of Cleaner Production,no,Elsevier,7298,no,published,cc_by_nc_nd;cc_by_nc,NA,NA,yes,named_repository;non_commercial_repository;non_commercial_website;this_journal,PubMed Central;Research for Development Repository;ESRC Research Catalogue,NA
S58516903,Journal of Cleaner Production,0959-6526,13808,Journal of Cleaner Production,no,Elsevier,7298,no,published,cc_by,NA,NA,yes,any_website;institutional_repository;named_repository;subject_repository;this_journal,PubMed Central;Research for Development Repository;ESRC Research Catalogue,NA
S58516903,Journal of Cleaner Production,0959-6526,13808,Journal of Cleaner Production,no,Elsevier,7298,no,published,cc_by,NA,NA,yes,any_repository;institutional_repository;named_repository;subject_repository;this_journal,PubMed Central;Research for Development Repository;ESRC Research Catalogue,"Wellcome Trust;en;name;name;Name;en;en;English;en;British Heart Foundation;en;BHF;name;name;Name;en;en;English;en;Versus Arthritis;en;name;name;Name;en;en;English;en;Biotechnology and Biological Sciences Research Council;en;BBSRC;name;name;Name;en;en;English;en;Blood Cancer UK;en;en;English;en;Gates Foundation;en;GF;en;English;en;Cancer Research UK;en;en;English;en;Chief Scientist Office, Scottish Executive;en;CSO;name;name;Name;en;en;English;en;Department of Health & Social Care (2014);en;DH;name;name;Name;en;en;English;en;National Institute for Health Research (2014);en;NIHR;name;name;Name;en;en;English;en;Vivensa Foundation;en;name;name;Name;en;en;English;en;European Research Council;en;ERC;name;name;Name;en;en;English;en;Medical Research Council;en;MRC;name;name;Name;en;en;English;en;Motor Neuron Disease Association;en;MND Association;name;name;Name;en;en;English;en;Parkinson's UK;en;name;name;Name;en;en;English;en;Telethon Foundation;en;en;English;en;Fondazione Telethon;it;it;Italian;en;National Institute for Health and Care Research;en;NIHR;name;name;Name;en;en;English;en"
S58516903,Journal of Cleaner Production,0959-6526,13808,Journal of Cleaner Production,no,Elsevier,7298,no,accepted,cc_by_nc_nd,12,months,no,institutional_repository;subject_repository,NA,Wellcome Trust;en;name;name;Name;en;en;English;en;UK Research and Innovation;UKRI;acronym;acronym;Acronym;en;Research England (UKRI)
S2484704948,Frontiers in Microbiology,1664-302X,22699,Frontiers in Microbiology,yes,Frontiers Media,600,no,submitted;accepted,cc_by,NA,NA,no,any_repository;any_website;named_repository;preprint_repository,arXiv;PeerJ Preprints;OSF,NA
S2484704948,Frontiers in Microbiology,1664-302X,22699,Frontiers in Microbiology,yes,Frontiers Media,600,no,published,cc_by,NA,NA,no,any_website;named_repository;this_journal,PubMed Central,NA
S168522863,Cancer Research,0008-5472,14558,Cancer Research,no,American Association for Cancer Research,204,no,submitted,NA,NA,NA,no,institutional_website;named_repository;preprint_repository,bioRxiv,NA
S168522863,Cancer Research,0008-5472,14558,Cancer Research,no,American Association for Cancer Research,204,no,accepted,NA,12,months,no,institutional_repository;institutional_website,NA,NA
S168522863,Cancer Research,0008-5472,14558,Cancer Research,no,American Association for Cancer Research,204,no,accepted,cc_by,NA,NA,no,any_repository;any_website;institutional_repository;named_repository;subject_repository;this_journal,Europe PMC,Wellcome Trust;en;name;name;Name;en;en;English;en;UK Research and Innovation;UKRI;acronym;acronym;Acronym;en;National Institute for Health and Care Research;en;NIHR;name;name;Name;en;en;English;en
S168522863,Cancer Research,0008-5472,14558,Cancer Research,no,American Association for Cancer Research,204,no,NA,NA,NA,NA,no,named_repository,PubMed Central,USA National Institutes of Health;en;NIH;name;name;Name;en;en;English;en
S168522863,Cancer Research,0008-5472,14558,Cancer Research,no,American Association for Cancer Research,204,no,published,cc_by_nc_nd,NA,NA,yes,non_commercial_website;this_journal,NA,NA
S168522863,Cancer Research,0008-5472,14558,Cancer Research,no,American Association for Cancer Research,204,no,published,cc_by,NA,NA,yes,any_website;this_journal,NA,NA
S200071133,Blood,0006-4971,13507,Blood,no,American Society of Hematology (ASH Publications),87,no,published,NA,12,months,no,authors_homepage;institutional_website;non_commercial_website,NA,NA
S200071133,Blood,0006-4971,13507,Blood,no,American Society of Hematology (ASH Publications),87,no,published,cc_by,NA,NA,yes,any_website;this_journal,NA,NA
S200071133,Blood,0006-4971,13507,Blood,no,American Society of Hematology (ASH Publications),87,no,published,cc_by_nc_nd,NA,NA,yes,named_repository;this_journal,PubMed Central,NA
S200071133,Blood,0006-4971,13507,Blood,no,American Society of Hematology (ASH Publications),87,no,accepted,NA,12,months,no,named_repository,PubMed Central,USA National Institutes of Health;en;NIH;name;name;Name;en;en;English;en
S200071133,Blood,0006-4971,13507,Blood,no,American Society of Hematology (ASH Publications),87,no,accepted,NA,NA,NA,yes,named_repository,PubMed Central,Telethon Foundation;en;en;English;en;Fondazione Telethon;it;it;Italian;en
S134307298,Applied Catalysis B: Environmental,0926-3373,11129,Applied Catalysis B: Environment and Energy,no,Elsevier,7298,no,submitted,NA,NA,NA,no,any_website;named_repository,arXiv;RePEC,NA
S134307298,Applied Catalysis B: Environmental,0926-3373,11129,Applied Catalysis B: Environment and Energy,no,Elsevier,7298,no,accepted,cc_by_nc_nd,NA,NA,no,authors_homepage;named_repository,arXiv;RePEC,NA
S134307298,Applied Catalysis B: Environmental,0926-3373,11129,Applied Catalysis B: Environment and Energy,no,Elsevier,7298,no,accepted,cc_by_nc_nd,24,months,no,institutional_repository;subject_repository,NA,NA
S134307298,Applied Catalysis B: Environmental,0926-3373,11129,Applied Catalysis B: Environment and Energy,no,Elsevier,7298,no,published,cc_by_nc_nd;cc_by_nc,NA,NA,yes,named_repository;non_commercial_repository;non_commercial_website;this_journal,PubMed Central;Research for Development Repository;ESRC Research Catalogue,NA
S134307298,Applied Catalysis B: Environmental,0926-3373,11129,Applied Catalysis B: Environment and Energy,no,Elsevier,7298,no,published,cc_by,NA,NA,yes,any_website;institutional_repository;named_repository;subject_repository;this_journal,PubMed Central;Research for Development Repository;ESRC Research Catalogue,NA
S134307298,Applied Catalysis B: Environmental,0926-3373,11129,Applied Catalysis B: Environment and Energy,no,Elsevier,7298,no,published,cc_by,NA,NA,yes,any_repository;institutional_repository;named_repository;subject_repository;this_journal,PubMed Central;Research for Development Repository;ESRC Research Catalogue,"Wellcome Trust;en;name;name;Name;en;en;English;en;British Heart Foundation;en;BHF;name;name;Name;en;en;English;en;Versus Arthritis;en;name;name;Name;en;en;English;en;Biotechnology and Biological Sciences Research Council;en;BBSRC;name;name;Name;en;en;English;en;Blood Cancer UK;en;en;English;en;Gates Foundation;en;GF;en;English;en;Cancer Research UK;en;en;English;en;Chief Scientist Office, Scottish Executive;en;CSO;name;name;Name;en;en;English;en;Department of Health & Social Care (2014);en;DH;name;name;Name;en;en;English;en;National Institute for Health Research (2014);en;NIHR;name;name;Name;en;en;English;en;Vivensa Foundation;en;name;name;Name;en;en;English;en;European Research Council;en;ERC;name;name;Name;en;en;English;en;Medical Research Council;en;MRC;name;name;Name;en;en;English;en;Motor Neuron Disease Association;en;MND Association;name;name;Name;en;en;English;en;Parkinson's UK;en;name;name;Name;en;en;English;en;Telethon Foundation;en;en;English;en;Fondazione Telethon;it;it;Italian;en;National Institute for Health and Care Research;en;NIHR;name;name;Name;en;en;English;en"
S134307298,Applied Catalysis B: Environmental,0926-3373,11129,Applied Catalysis B: Environment and Energy,no,Elsevier,7298,no,accepted,cc_by_nc_nd,12,months,no,institutional_repository;subject_repository,NA,Wellcome Trust;en;name;name;Name;en;en;English;en;UK Research and Innovation;UKRI;acronym;acronym;Acronym;en;Research England (UKRI)
S72684844,Journal of Animal Science,0021-8812,6226,Journal of Animal Science,no,Oxford University Press,1107,no,submitted,NA,NA,NA,no,any_repository;any_website;authors_homepage;funder_designated_location;named_repository;non_commercial_subject_repository,medRxiv,NA
S72684844,Journal of Animal Science,0021-8812,6226,Journal of Animal Science,no,Oxford University Press,1107,no,accepted,NA,NA,NA,no,authors_homepage,NA,NA
S72684844,Journal of Animal Science,0021-8812,6226,Journal of Animal Science,no,Oxford University Press,1107,no,accepted,NA,12,months,no,institutional_repository;non_commercial_subject_repository,NA,NA
S72684844,Journal of Animal Science,0021-8812,6226,Journal of Animal Science,no,Oxford University Press,1107,no,accepted,NA,12,months,no,named_repository,PubMed Central,USA National Institutes of Health;en;NIH;name;name;Name;en;en;English;en
S72684844,Journal of Animal Science,0021-8812,6226,Journal of Animal Science,no,Oxford University Press,1107,no,published,cc_by,NA,NA,yes,any_website;this_journal,NA,NA
S72684844,Journal of Animal Science,0021-8812,6226,Journal of Animal Science,no,Oxford University Press,1107,no,published,cc_by_nc;cc_by_nc_nd,NA,NA,yes,non_commercial_website;this_journal,NA,NA
S47215897,Antimicrobial Agents and Chemotherapy,0066-4804,6213,Antimicrobial Agents and Chemotherapy,no,American Society for Microbiology,16,no,published,NA,12,months,no,this_journal,NA,NA
S47215897,Antimicrobial Agents and Chemotherapy,0066-4804,6213,Antimicrobial Agents and Chemotherapy,no,American Society for Microbiology,16,no,published,cc_by,NA,NA,yes,any_website;named_repository;this_journal,PubMed Central,NA
S47215897,Antimicrobial Agents and Chemotherapy,0066-4804,6213,Antimicrobial Agents and Chemotherapy,no,American Society for Microbiology,16,no,accepted,cc_by,NA,NA,no,any_website;authors_homepage;institutional_repository;named_repository,PubMed Central,NA
S47215897,Antimicrobial Agents and Chemotherapy,0066-4804,6213,Antimicrobial Agents and Chemotherapy,no,American Society for Microbiology,16,no,submitted,NA,NA,NA,no,named_repository;preprint_repository,bioRxiv,NA
S2738498342,EFSA Journal,1831-4732,37180,EFSA Journal,yes,Wiley,5171,no,published,cc_by_nd,NA,NA,no,any_website;this_journal,NA,NA
S25293849,The FASEB Journal,0892-6638,14441,The FASEB Journal,no,Wiley,6295,no,submitted,NA,NA,NA,no,non_commercial_institutional_repository;preprint_repository,NA,NA
S25293849,The FASEB Journal,0892-6638,14441,The FASEB Journal,no,Wiley,6295,no,published,cc_by,NA,NA,yes,any_website;named_repository;this_journal,PubMed Central,NA
S25293849,The FASEB Journal,0892-6638,14441,The FASEB Journal,no,Wiley,6295,no,published,cc_by_nc;cc_by_nc_nd,NA,NA,yes,named_repository;non_commercial_website;this_journal,PubMed Central,NA
S10134376,Sustainability,2071-1050,17525,Sustainability,no,MDPI,487,no,submitted;accepted,cc_by,NA,NA,no,any_website,NA,NA
S10134376,Sustainability,2071-1050,17525,Sustainability,no,MDPI,487,no,published,cc_by,NA,NA,no,any_website;this_journal,NA,NA
S202381698,PLoS ONE,1932-6203,17599,PLoS ONE,yes,Public Library of Science,112,no,published,cc_by,NA,NA,no,any_website;named_repository;this_journal,PubMed Central,NA
S202381698,PLoS ONE,1932-6203,17599,PLoS ONE,yes,Public Library of Science,112,no,accepted,cc_by,NA,NA,no,any_website;institutional_repository,NA,NA
S202381698,PLoS ONE,1932-6203,17599,PLoS ONE,yes,Public Library of Science,112,no,submitted,cc_by,NA,NA,no,institutional_repository;preprint_repository,NA,NA
S196734849,Scientific Reports,2045-2322,24229,Scientific Reports,yes,Nature Research,4410,no,published,cc_by,NA,NA,no,any_website;this_journal,NA,NA
S196734849,Scientific Reports,2045-2322,24229,Scientific Reports,yes,Nature Research,4410,no,published,cc_by_nc_nd,NA,NA,no,non_commercial_website;this_journal,NA,NA
S15137598,Journal of Clinical Oncology,0732-183X,14962,Journal of Clinical Oncology,no,American Society of Clinical Oncology,413,no,published,NA,12,months,no,named_repository,PubMed Central,USA National Institutes of Health;en;NIH;name;name;Name;en;en;English;en;USA Department of Energy;en;DOE;name;name;Name;en;en;English;en;Agency for Healthcare Research and Quality;en;AHRQ;name;name;Name;en;en;English;en;USA Institute of Education Sciences;en;IES;name;name;Name;en;en;English;en;National Aeronautics and Space Administration;en;NASA;acronym;acronym;Acronym;en;en;English;en;USA National Science Foundation;en;NSF;name;name;Name;en;en;English;en
S15137598,Journal of Clinical Oncology,0732-183X,14962,Journal of Clinical Oncology,no,American Society of Clinical Oncology,413,no,published,NA,6,months,no,funder_designated_location,NA,NA
S15137598,Journal of Clinical Oncology,0732-183X,14962,Journal of Clinical Oncology,no,American Society of Clinical Oncology,413,no,published,cc_by;cc_by_nc_nd,NA,NA,yes,any_repository;funder_designated_location;institutional_repository;named_repository;this_journal,PubMed Central,NA
S15137598,Journal of Clinical Oncology,0732-183X,14962,Journal of Clinical Oncology,no,American Society of Clinical Oncology,413,no,published,NA,12,months,NA,this_journal,NA,NA
S15137598,Journal of Clinical Oncology,0732-183X,14962,Journal of Clinical Oncology,no,American Society of Clinical Oncology,413,no,accepted,NA,12,months,no,authors_homepage;institutional_repository;institutional_website,NA,NA
