rank,author_id,author_name,matched_works,total_works,matched_share,cited_by_count,orcid,flag_low_share,retained
1,A5062101644,Mark C.M. van Loosdrecht,445,1311,0.33943554538520215,111842,https://orcid.org/0000-0003-0658-4775,FALSE,TRUE
2,A5015991419,Jürg Utzinger,389,843,0.46144721233689207,51004,https://orcid.org/0000-0001-6885-0798,FALSE,TRUE
3,A5003866204,‪Damià Barceló,388,1913,0.20282279142707788,129933,https://orcid.org/0000-0002-8873-0491,FALSE,TRUE
4,A5045272351,Peter A. Vanrolleghem,381,1031,0.36954413191076624,27039,https://orcid.org/0000-0003-1695-1313,FALSE,TRUE
5,A5014355386,Ahmad Fauzi Ismail,354,1933,0.18313502327987585,84673,https://orcid.org/0000-0003-0150-625X,FALSE,TRUE
6,A5035517653,Stephen P. Luby,350,825,0.42424242424242425,38442,https://orcid.org/0000-0001-5385-899X,FALSE,TRUE
7,A5029160541,Didier Pittet,330,1081,0.30527289546716,67135,https://orcid.org/0000-0002-3667-7131,FALSE,TRUE
8,A5068175005,Mika Sillanpää,327,1587,0.2060491493383743,96423,https://orcid.org/0000-0003-3247-5337,FALSE,TRUE
9,A5056472365,Huu Hao Ngo,323,940,0.34361702127659577,60975,https://orcid.org/0000-0002-0296-2866,FALSE,TRUE
10,A5001833569,Jamie Bartram,320,408,0.7843137254901961,25738,https://orcid.org/0000-0002-6542-6315,FALSE,TRUE
11,A5100694840,Min Yang,317,3489,0.09085697907709946,72182,https://orcid.org/0000-0002-9034-3175,TRUE,FALSE
12,A5043460163,Donald P. McManus,309,854,0.3618266978922717,42872,https://orcid.org/0000-0001-6443-1449,FALSE,TRUE
13,A5100668087,Xiao‐Nong Zhou,303,781,0.3879641485275288,23735,https://orcid.org/0000-0003-1417-8427,FALSE,TRUE
14,A5077501113,Paul Westerhoff,268,623,0.4301765650080257,55797,https://orcid.org/0000-0002-9241-8759,FALSE,TRUE
15,A5069598830,Tinglin Huang,265,677,0.3914327917282127,14372,https://orcid.org/0000-0002-8345-7772,FALSE,TRUE
16,A5084152395,Tahmeed Ahmed,262,889,0.29471316085489313,27506,https://orcid.org/0000-0002-4607-7439,FALSE,TRUE
17,A5059807847,Per Halkjær Nielsen,253,888,0.2849099099099099,48898,https://orcid.org/0000-0002-6402-1877,FALSE,TRUE
18,A5041377151,David A. Sack,247,583,0.4236706689536878,32562,https://orcid.org/0000-0002-9338-5119,FALSE,TRUE
19,A5017813616,Prosun Bhattacharya,246,606,0.40594059405940597,21936,https://orcid.org/0000-0003-4350-9950,FALSE,TRUE
20,A5034386514,James R. Johnson,244,613,0.39804241435562804,33845,https://orcid.org/0000-0002-9588-5045,FALSE,TRUE
21,A5009954391,Zhiguo Yuan,242,908,0.2665198237885463,55154,https://orcid.org/0000-0002-7566-1482,FALSE,TRUE
22,A5033452459,Jennifer Keiser,240,566,0.42402826855123676,28293,https://orcid.org/0000-0003-0290-3521,FALSE,TRUE
23,A5091634624,Oliver Cumming,238,291,0.8178694158075601,12841,https://orcid.org/0000-0002-5074-8709,FALSE,TRUE
24,A5057979719,Miklas Scholz,237,639,0.37089201877934275,15874,https://orcid.org/0000-0001-8919-3838,FALSE,TRUE
25,A5068575636,J. Russell Stothard,236,454,0.5198237885462555,17684,https://orcid.org/0000-0002-9370-3420,FALSE,TRUE
26,A5047670715,Carlos Torres‐Verdín,229,606,0.3778877887788779,7756,https://orcid.org/0000-0001-6628-4833,FALSE,TRUE
27,A5100616675,Sang Yup Lee,229,3140,0.07292993630573248,80664,https://orcid.org/0000-0003-0599-3091,TRUE,FALSE
28,A5108047889,Yi-Xiang Wang,229,10477,0.021857401928032833,27699,https://orcid.org/0000-0001-5697-0717,TRUE,FALSE
29,A5014716343,Guohe Huang,227,1691,0.1342400946185689,52469,https://orcid.org/0000-0003-4974-3019,FALSE,TRUE
30,A5056640675,Bing‐Jie Ni,224,760,0.29473684210526313,42145,https://orcid.org/0000-0002-1129-7837,FALSE,TRUE
31,A5042867993,Dionysios D. Dionysiou,223,851,0.2620446533490012,94151,https://orcid.org/0000-0002-6974-9197,FALSE,TRUE
32,A5006623989,Xia Huang,221,830,0.26626506024096386,36836,https://orcid.org/0000-0003-4076-1464,FALSE,TRUE
33,A5112230293,Peggy Eastman,221,904,0.24446902654867256,260,NA,FALSE,TRUE
34,A5035395187,Shane A. Snyder,216,540,0.4,34247,https://orcid.org/0000-0003-2709-9840,FALSE,TRUE
35,A5012542760,Urs von Gunten,215,428,0.5023364485981309,54906,https://orcid.org/0000-0001-6852-8977,FALSE,TRUE
36,A5018881039,Manuel J. Rodríguez,213,282,0.7553191489361702,7764,https://orcid.org/0000-0003-2010-6438,FALSE,TRUE
37,A5073836005,Jiuhui Qu,213,929,0.22927879440258342,56444,https://orcid.org/0000-0001-9177-093X,FALSE,TRUE
38,A5023705297,Thomas Clasen,210,376,0.5585106382978723,20638,https://orcid.org/0000-0003-4062-5788,FALSE,TRUE
39,A5050508415,Graham A. Gagnon,210,343,0.6122448979591837,6620,https://orcid.org/0000-0001-5925-2294,FALSE,TRUE
40,A5077700424,Xiaochang C. Wang,209,697,0.2998565279770445,23362,https://orcid.org/0000-0003-1320-6326,FALSE,TRUE
41,A5100783614,In Ho Kim,205,1390,0.1474820143884892,21014,https://orcid.org/0000-0001-6652-2504,FALSE,TRUE
42,A5042318951,Aijie Wang,202,739,0.2733423545331529,30454,https://orcid.org/0000-0001-8868-5232,FALSE,TRUE
43,A5029824968,Alexandria B. Boehm,200,526,0.38022813688212925,22379,https://orcid.org/0000-0002-8162-5090,FALSE,TRUE
44,A5069748637,Heng Liang,199,477,0.4171907756813417,22363,https://orcid.org/0000-0002-9100-6007,FALSE,TRUE
45,A5003823609,Rita R. Colwell,197,1057,0.18637653736991486,75933,https://orcid.org/0000-0001-5432-1502,FALSE,TRUE
46,A5040371336,Maria Rosaria Milana,197,379,0.5197889182058048,2181,https://orcid.org/0000-0002-1707-2911,FALSE,TRUE
47,A5069888950,Jörg E. Drewes,197,546,0.3608058608058608,23173,https://orcid.org/0000-0003-2520-7596,FALSE,TRUE
48,A5010786159,Courtney D. DiNardo,196,1694,0.11570247933884298,50233,https://orcid.org/0000-0001-9003-0390,FALSE,TRUE
49,A5000458806,María Molinos‐Senante,191,303,0.6303630363036303,8767,https://orcid.org/0000-0002-6689-6861,FALSE,TRUE
50,A5035739059,Matthew C. Freeman,190,279,0.6810035842293907,15930,https://orcid.org/0000-0002-1517-2572,FALSE,TRUE
51,A5047645117,Edward T. Ryan,190,483,0.39337474120082816,20364,https://orcid.org/0009-0005-0169-394X,FALSE,TRUE
52,A5032339401,Ho Kyong Shon,188,709,0.2651622002820874,31346,https://orcid.org/0000-0002-3777-7169,FALSE,TRUE
53,A5022647201,Marina Konopleva,187,2098,0.08913250714966635,72228,https://orcid.org/0000-0002-9347-2212,TRUE,FALSE
54,A5006059763,Wenshan Guo,183,626,0.29233226837060705,45323,https://orcid.org/0000-0001-5542-2858,FALSE,TRUE
55,A5041318439,John D. Clemens,183,609,0.30049261083743845,32218,https://orcid.org/0000-0002-6379-1052,FALSE,TRUE
56,A5073235870,Shi‐Zhu Li,183,480,0.38125,4995,https://orcid.org/0000-0003-3172-5218,FALSE,TRUE
57,A5001724045,Guangming Zeng,182,1689,0.10775606867969213,201478,https://orcid.org/0000-0002-4230-7647,FALSE,TRUE
58,A5008316952,Charles P. Gerba,182,804,0.2263681592039801,41598,https://orcid.org/0000-0002-7990-0903,FALSE,TRUE
59,A5090435894,Hagop M. Kantarjian,181,5583,0.03241984596095289,270767,https://orcid.org/0000-0002-1908-3307,TRUE,FALSE
60,A5091007059,Avi Ostfeld,181,442,0.4095022624434389,10997,https://orcid.org/0000-0001-9112-6079,FALSE,TRUE
61,A5021173085,Firdausi Qadri,178,310,0.5741935483870968,10593,https://orcid.org/0000-0001-8459-304X,FALSE,TRUE
62,A5100337957,Han‐Qing Yu,174,917,0.18974918211559433,72552,https://orcid.org/0000-0001-5247-6244,FALSE,TRUE
63,A5005372497,José Manuel Barat Baviera,173,1021,0.1694417238001959,15193,https://orcid.org/0000-0001-8487-7114,FALSE,TRUE
64,A5021629663,Krist V. Gernaey,173,893,0.1937290033594625,19227,https://orcid.org/0000-0002-0364-1773,FALSE,TRUE
65,A5020715497,Giorgio Mannina,172,365,0.4712328767123288,7570,https://orcid.org/0000-0002-5405-7147,FALSE,TRUE
66,A5042633786,Tim A. McAllister,171,1313,0.13023610053313023,52224,https://orcid.org/0000-0002-8266-6513,FALSE,TRUE
67,A5044934375,John M. Colford,171,327,0.5229357798165137,22950,https://orcid.org/0000-0002-3288-6956,FALSE,TRUE
68,A5061743164,Naiyun Gao,171,510,0.3352941176470588,23564,NA,FALSE,TRUE
69,A5031009188,Zulfiqar A Bhutta,169,1866,0.09056806002143623,367694,https://orcid.org/0000-0003-0637-599X,TRUE,FALSE
70,A5055444990,P. Senthil Kumar,169,1108,0.15252707581227437,58083,https://orcid.org/0000-0001-9389-5541,FALSE,TRUE
71,A5088768361,Amir Hossein Mahvi,169,674,0.2507418397626113,26699,https://orcid.org/0000-0001-8733-1483,FALSE,TRUE
72,A5008209846,Benjamin F. Arnold,168,466,0.3605150214592275,13285,https://orcid.org/0000-0001-6105-7295,FALSE,TRUE
73,A5020340537,Tapan M. Kadia,166,1854,0.0895361380798274,33832,https://orcid.org/0000-0002-9892-9832,TRUE,FALSE
74,A5022072267,Yu Liu,165,1220,0.13524590163934427,49392,https://orcid.org/0000-0002-9702-349X,FALSE,TRUE
75,A5021400604,Rehan Sadiq,164,602,0.2724252491694352,23095,https://orcid.org/0000-0003-1474-2366,FALSE,TRUE
76,A5057887079,Makarand M. Ghangrekar,163,461,0.35357917570498915,15756,https://orcid.org/0000-0002-0691-9873,FALSE,TRUE
77,A5028106114,William F. Hunt,162,427,0.3793911007025761,13036,https://orcid.org/0000-0001-7855-2591,FALSE,TRUE
78,A5030659875,David Rollinson,162,422,0.38388625592417064,17934,https://orcid.org/0000-0003-1999-1716,FALSE,TRUE
79,A5028053030,Gary Amy,161,473,0.3403805496828753,38791,https://orcid.org/0000-0001-7591-5342,FALSE,TRUE
80,A5100430876,Xi Zhang,161,8672,0.018565498154981548,7292,https://orcid.org/0000-0003-3415-5345,TRUE,FALSE
81,A5032464400,Kenneth C. Anderson,160,3065,0.052202283849918436,169800,https://orcid.org/0000-0002-6418-0886,TRUE,FALSE
82,A5065126237,Juliet Willetts,160,287,0.5574912891986062,2959,https://orcid.org/0000-0002-3975-9642,FALSE,TRUE
83,A5080102032,Hao Wang,160,3688,0.04338394793926247,44294,https://orcid.org/0000-0001-7594-7387,TRUE,FALSE
84,A5011383537,Kazi Matin Ahmed,159,427,0.37236533957845436,18626,https://orcid.org/0000-0001-5188-4385,FALSE,TRUE
85,A5035264813,Marc Edwards,159,427,0.37236533957845436,18795,https://orcid.org/0000-0002-1889-1193,FALSE,TRUE
86,A5063575796,L.C. Rietveld,159,305,0.521311475409836,7618,https://orcid.org/0000-0003-3227-6100,FALSE,TRUE
87,A5000813249,Bhekie B. Mamba,156,612,0.2549019607843137,21187,https://orcid.org/0000-0003-2534-2579,FALSE,TRUE
88,A5058033887,Lluís Corominas,156,255,0.611764705882353,5442,https://orcid.org/0000-0002-5050-2389,FALSE,TRUE
89,A5044323127,Pier Sandro Cocconcelli,155,699,0.2217453505007153,9120,https://orcid.org/0000-0003-2212-7611,FALSE,TRUE
90,A5051097609,Bernhard Ø. Palsson,155,1184,0.13091216216216217,112547,https://orcid.org/0000-0003-2357-6785,FALSE,TRUE
91,A5034622818,Laurence Vernis,154,665,0.23157894736842105,4360,https://orcid.org/0000-0001-7878-0877,FALSE,TRUE
92,A5102838612,Firdausi Qadri,154,450,0.3422222222222222,35526,https://orcid.org/0000-0002-8928-9888,FALSE,TRUE
93,A5026506885,Abu Syed Golam Faruque,153,309,0.49514563106796117,11429,https://orcid.org/0000-0001-8343-4653,FALSE,TRUE
94,A5073238983,Hong‐Ying Hu,153,634,0.24132492113564669,21431,https://orcid.org/0000-0003-2880-3959,FALSE,TRUE
95,A5090262911,Joe Brown,153,251,0.6095617529880478,7221,https://orcid.org/0000-0002-5200-4148,FALSE,TRUE
96,A5039005269,Leanne Unicomb,152,243,0.6255144032921811,10253,https://orcid.org/0000-0002-7757-5641,FALSE,TRUE
97,A5079507855,Maria de Fátima Tavares Poças,152,330,0.46060606060606063,3199,https://orcid.org/0000-0002-6598-6515,FALSE,TRUE
98,A5062203086,Wenhai Chu,151,301,0.5016611295681063,11787,https://orcid.org/0000-0002-3457-3507,FALSE,TRUE
99,A5061907624,Yongzhen Peng,150,596,0.2516778523489933,31583,https://orcid.org/0000-0002-2553-1786,FALSE,TRUE
100,A5064812119,Iosr Journals,150,28406,0.005280574526508484,16696,NA,TRUE,FALSE
101,A5045788106,Andrew S. Azman,148,348,0.42528735632183906,19733,https://orcid.org/0000-0001-8662-9077,FALSE,TRUE
102,A5061386593,Amy J. Pickering,148,225,0.6577777777777778,8775,https://orcid.org/0000-0001-6193-2221,FALSE,TRUE
103,A5038812300,Nicholas J. Ashbolt,147,300,0.49,15525,https://orcid.org/0000-0002-3853-0096,FALSE,TRUE
104,A5001374764,Stephen B. Calderwood,146,301,0.4850498338870432,23317,https://orcid.org/0000-0002-2083-7153,FALSE,TRUE
105,A5047800622,Nico Boon,146,989,0.14762386248736098,54134,https://orcid.org/0000-0002-7734-3103,FALSE,TRUE
106,A5065859286,Hui Li,146,8871,0.01645812197046556,40707,https://orcid.org/0000-0001-9198-3951,TRUE,FALSE
107,A5026023540,Robert Dreibelbis,145,187,0.7754010695187166,4901,https://orcid.org/0000-0002-9716-0419,FALSE,TRUE
108,A5006567680,Susan D. Richardson,144,256,0.5625,27552,https://orcid.org/0000-0001-6207-4513,FALSE,TRUE
109,A5044372161,Yakov Pachepsky,144,524,0.2748091603053435,21285,https://orcid.org/0000-0003-0232-6090,FALSE,TRUE
110,A5090223095,Ashantha Goonetilleke,144,522,0.27586206896551724,14807,https://orcid.org/0000-0002-8783-1223,FALSE,TRUE
111,A5004994407,Bruce Jefferson,143,336,0.4255952380952381,23681,https://orcid.org/0000-0003-4320-628X,FALSE,TRUE
112,A5038222261,Mark D. Sobsey,143,371,0.38544474393531,18763,https://orcid.org/0000-0001-8978-4996,FALSE,TRUE
113,A5057279789,G. Ho,143,535,0.2672897196261682,4808,https://orcid.org/0000-0001-9190-8812,FALSE,TRUE
114,A5055432844,Junfei Qiao,142,528,0.2689393939393939,14038,https://orcid.org/0000-0002-1707-6074,FALSE,TRUE
115,A5100633632,Yue Wang,142,7743,0.01833914503422446,15904,https://orcid.org/0000-0003-0098-5359,TRUE,FALSE
116,A5111843304,Konrad Grob,142,844,0.16824644549763032,14465,NA,FALSE,TRUE
117,A5108713076,Claudia Bolognesi,141,720,0.19583333333333333,4620,NA,FALSE,TRUE
118,A5112149665,Holger Zorn,141,637,0.22135007849293564,3192,NA,FALSE,TRUE
119,A5000185175,Alan MacDonald,140,389,0.35989717223650386,13448,https://orcid.org/0000-0001-6636-1499,FALSE,TRUE
120,A5061026876,Guillermo Garcia‐Manero,140,3031,0.046189376443418015,90997,https://orcid.org/0000-0002-3631-2482,TRUE,FALSE
121,A5070753697,Jan Holmgren,140,593,0.23608768971332209,33529,https://orcid.org/0000-0003-1784-5918,FALSE,TRUE
122,A5052023512,Paul Hunter,138,584,0.2363013698630137,27496,https://orcid.org/0000-0002-5608-6144,FALSE,TRUE
123,A5057299548,Baoyou Shi,138,231,0.5974025974025974,7015,https://orcid.org/0000-0003-2129-4717,FALSE,TRUE
124,A5079264989,Érick Denamur,138,354,0.3898305084745763,24551,https://orcid.org/0000-0002-7860-1717,FALSE,TRUE
125,A5006065422,Ashraful Islam Khan,137,201,0.681592039800995,5580,https://orcid.org/0000-0003-3751-1974,FALSE,TRUE
126,A5021554616,Joby Boxall,136,277,0.49097472924187724,6847,https://orcid.org/0000-0002-4681-6895,FALSE,TRUE
127,A5059401403,Qingwu Jiang,136,660,0.20606060606060606,14037,https://orcid.org/0000-0001-8921-3317,FALSE,TRUE
128,A5090222404,Willy Verstraete,136,1245,0.10923694779116466,96391,https://orcid.org/0000-0002-3140-3713,FALSE,TRUE
129,A5010128963,Antonio Montresor,135,259,0.5212355212355212,13135,https://orcid.org/0000-0003-3103-8872,FALSE,TRUE
130,A5111676992,Baoyu Gao,134,602,0.22259136212624583,34288,https://orcid.org/0000-0003-1728-8242,FALSE,TRUE
131,A5000750846,Farhad Ravandi,133,2543,0.05230043255996854,70052,https://orcid.org/0000-0002-7621-377X,TRUE,FALSE
132,A5006158517,Gertjan Medema,133,243,0.5473251028806584,13036,https://orcid.org/0000-0003-0475-6465,FALSE,TRUE
133,A5024299125,Rosângela Bergamasco,133,561,0.23707664884135474,11271,https://orcid.org/0000-0002-2934-6641,FALSE,TRUE
134,A5100449940,Zhiwei Wang,133,974,0.13655030800821355,29537,https://orcid.org/0000-0001-6729-2237,FALSE,TRUE
135,A5112574037,Constantine Papaspyrides,133,196,0.6785714285714286,325,NA,FALSE,TRUE
136,A5008695731,Jan Peter van der Hoek,132,257,0.5136186770428015,6078,https://orcid.org/0000-0002-0674-388X,FALSE,TRUE
137,A5040089881,Hans‐Jørgen Albrechtsen,132,499,0.26452905811623245,8914,https://orcid.org/0000-0003-3483-7709,FALSE,TRUE
138,A5047244927,Chaohai Wei,132,417,0.31654676258992803,14223,https://orcid.org/0000-0002-4240-6442,FALSE,TRUE
139,A5073602725,Michèle Prévost,131,317,0.41324921135646686,11436,https://orcid.org/0000-0003-1867-5885,FALSE,TRUE
140,A5015168873,Guanghao Chen,130,577,0.22530329289428075,17566,https://orcid.org/0000-0002-1353-8585,FALSE,TRUE
141,A5032744552,R. W. McDowell,130,362,0.35911602209944754,15635,https://orcid.org/0000-0003-3911-4825,FALSE,TRUE
142,A5047585902,Yu‐You Li,129,645,0.2,25022,https://orcid.org/0000-0002-3659-5005,FALSE,TRUE
143,A5079262854,Michael Andreeff,129,2043,0.0631424375917768,75004,https://orcid.org/0000-0002-1144-1958,TRUE,FALSE
144,A5000537987,Mohd Hafiz Dzarfan Othman,128,780,0.1641025641025641,23877,https://orcid.org/0000-0002-5842-2447,FALSE,TRUE
145,A5009044499,John P. Giesy,128,1541,0.08306294613887086,84179,https://orcid.org/0000-0003-1931-9962,TRUE,FALSE
146,A5028407513,Jürg Keller,128,532,0.24060150375939848,46800,https://orcid.org/0000-0001-6796-0936,FALSE,TRUE
147,A5049396774,Roy M. Anderson,128,788,0.16243654822335024,85316,https://orcid.org/0000-0002-9528-3175,FALSE,TRUE
148,A5100436302,Duu‐Jong Lee,128,1429,0.08957312806158152,68401,https://orcid.org/0000-0002-8820-8097,TRUE,FALSE
149,A5018110819,Matthew J. Helmers,127,384,0.3307291666666667,8590,https://orcid.org/0000-0002-0937-0927,FALSE,TRUE
150,A5018400831,Francesco Fatone,127,341,0.3724340175953079,7147,https://orcid.org/0000-0003-0745-282X,FALSE,TRUE
151,A5038637525,Zhimin Qiang,127,294,0.43197278911564624,14297,https://orcid.org/0000-0002-6555-3381,FALSE,TRUE
152,A5042425583,S. Vigneswaran,127,526,0.2414448669201521,21068,https://orcid.org/0000-0002-8117-4322,FALSE,TRUE
153,A5079069209,Kapil N. Bhalla,127,736,0.17255434782608695,34625,https://orcid.org/0000-0001-5209-5126,FALSE,TRUE
154,A5100324755,Jun Ma,127,685,0.1854014598540146,35675,https://orcid.org/0000-0002-0903-5547,FALSE,TRUE
155,A5108125837,Gilles Rivière,127,555,0.22882882882882882,3293,NA,FALSE,TRUE
156,A5035605515,Naval Daver,126,1541,0.08176508760545101,34896,https://orcid.org/0000-0001-7103-373X,TRUE,FALSE
157,A5052309984,Thandavarayan Ramamurthy,126,309,0.4077669902912621,17947,https://orcid.org/0000-0001-7999-5036,FALSE,TRUE
158,A5059169429,Robert H. Carlson,126,1031,0.12221144519883609,2871,https://orcid.org/0000-0001-8696-8386,FALSE,TRUE
159,A5059456421,Mark A. Schembri,126,404,0.3118811881188119,21726,https://orcid.org/0000-0003-4863-9260,FALSE,TRUE
160,A5075749327,Piet N.L. Lens,126,1048,0.12022900763358779,42794,https://orcid.org/0000-0002-5825-878X,FALSE,TRUE
161,A5016991004,Ingmar Nopens,125,681,0.18355359765051396,10771,https://orcid.org/0000-0001-6670-3700,FALSE,TRUE
162,A5057897261,Guang‐Guo Ying,125,597,0.20938023450586266,46587,https://orcid.org/0000-0002-3387-1078,FALSE,TRUE
163,A5089705081,Mahbubur Rahman,125,395,0.31645569620253167,8379,https://orcid.org/0000-0003-0520-2683,FALSE,TRUE
164,A5030728942,Barbara Evans,124,219,0.5662100456621004,4387,https://orcid.org/0000-0001-9815-3141,FALSE,TRUE
165,A5034569994,Nicolas Barnich,124,358,0.3463687150837989,15785,https://orcid.org/0000-0001-9465-7844,FALSE,TRUE
166,A5039070711,Mohammad Ali,124,310,0.4,12826,https://orcid.org/0000-0003-1410-388X,FALSE,TRUE
167,A5053276253,Christopher W.K. Chow,124,311,0.3987138263665595,15766,https://orcid.org/0000-0001-5829-8944,FALSE,TRUE
168,A5079061786,Ulrich Dobrindt,124,318,0.389937106918239,15801,https://orcid.org/0000-0001-9949-1898,FALSE,TRUE
169,A5053491293,C. Pulgarín,123,435,0.2827586206896552,21207,https://orcid.org/0000-0002-6219-0378,FALSE,TRUE
170,A5008189441,Evgenia Lampi,122,423,0.28841607565011823,2137,NA,FALSE,TRUE
171,A5008863498,Benedetta Allegranzi,122,320,0.38125,21785,https://orcid.org/0000-0002-7038-1297,FALSE,TRUE
172,A5046548923,Dragan Savić,122,633,0.19273301737756715,23958,https://orcid.org/0000-0001-9567-9041,FALSE,TRUE
173,A5075669083,David Michael Gott,122,629,0.19395866454689983,7374,https://orcid.org/0000-0002-3871-3917,FALSE,TRUE
174,A5033970817,Kenneth Belitz,121,252,0.4801587301587302,8610,https://orcid.org/0000-0003-4481-2345,FALSE,TRUE
175,A5050410655,Robert Bergquist,121,293,0.4129692832764505,8626,https://orcid.org/0000-0002-0190-1084,FALSE,TRUE
176,A5128325680,Daniel Rosehill,121,7793,0.015526754779930707,10,NA,TRUE,FALSE
177,A5128778162,Chatterbox TTS,121,7781,0.015550700424110012,10,NA,TRUE,FALSE
178,A5055045706,Gautam Borthakur,120,1687,0.07113218731475993,38008,https://orcid.org/0000-0001-7679-6453,TRUE,FALSE
179,A5085128991,Alicja Mortensen,120,870,0.13793103448275862,13899,https://orcid.org/0000-0001-6992-7750,FALSE,TRUE
180,A5032181031,Yoshihide Wada,119,638,0.1865203761755486,55551,https://orcid.org/0000-0003-4770-2539,FALSE,TRUE
181,A5103374792,Guibai Li,118,313,0.3769968051118211,17142,NA,FALSE,TRUE
182,A5109061581,G. Balakrish Nair,118,380,0.3105263157894737,22477,https://orcid.org/0000-0003-3667-7024,FALSE,TRUE
183,A5001523912,Yujie Feng,117,832,0.140625,31874,https://orcid.org/0000-0002-0686-3937,FALSE,TRUE
184,A5019740923,Beate I. Escher,117,516,0.22674418604651161,31321,https://orcid.org/0000-0002-5304-706X,FALSE,TRUE
185,A5020273708,Raghavan Srinivasan,117,622,0.18810289389067525,44252,https://orcid.org/0000-0001-8375-6038,FALSE,TRUE
186,A5026090581,Wolfgang Rauch,117,501,0.23353293413173654,15692,https://orcid.org/0000-0002-6462-2832,FALSE,TRUE
187,A5057827514,Ahmad Zaharin Aris,117,430,0.27209302325581397,14439,https://orcid.org/0000-0002-4827-0750,FALSE,TRUE
188,A5023880060,Mira Petrović,116,427,0.2716627634660422,31319,https://orcid.org/0000-0001-9734-1933,FALSE,TRUE
189,A5028517088,Shadi W. Hasan,116,326,0.3558282208588957,13415,https://orcid.org/0000-0002-7269-094X,FALSE,TRUE
190,A5037481164,Patrice Nordmann,116,971,0.11946446961894953,85091,https://orcid.org/0000-0002-1343-1622,FALSE,TRUE
191,A5045446419,Anastasios Zouboulis,116,409,0.28361858190709044,16077,https://orcid.org/0000-0003-1120-3105,FALSE,TRUE
192,A5083906163,Joan B. Rose,116,403,0.2878411910669975,28294,https://orcid.org/0000-0002-5871-0211,FALSE,TRUE
193,A5006094854,Vincenzo Belgiorno,115,408,0.2818627450980392,11121,https://orcid.org/0000-0003-1379-0091,FALSE,TRUE
194,A5029170230,Thomas A. Ternes,115,371,0.30997304582210244,53953,https://orcid.org/0000-0002-2615-7925,FALSE,TRUE
195,A5048669599,Andreas H. Farnleitner,115,244,0.4713114754098361,7458,https://orcid.org/0000-0002-0542-5425,FALSE,TRUE
196,A5050481392,Faizal Bux,115,390,0.2948717948717949,18813,https://orcid.org/0000-0002-8108-0238,FALSE,TRUE
197,A5065809873,Peter Goethals,115,583,0.19725557461406518,11945,https://orcid.org/0000-0003-1168-6776,FALSE,TRUE
198,A5072236360,Karl G. Linden,115,339,0.3392330383480826,21697,https://orcid.org/0000-0003-4301-7227,FALSE,TRUE
199,A5006292900,Ana Deletić,114,381,0.2992125984251969,18714,https://orcid.org/0000-0002-3535-7451,FALSE,TRUE
200,A5046583307,Benoît Barbeau,114,216,0.5277777777777778,9043,https://orcid.org/0000-0002-4108-8155,FALSE,TRUE
