doi,openalex_type
10.2166/washdev.2021.208,article
10.2166/washdev.2021.170,article
10.2166/washdev.2020.232,article
10.2166/washdev.2020.019,article
10.2166/washdev.2020.218,article
10.2166/washdev.2020.062,article
10.2166/washdev.2020.164,article
10.2166/washdev.2021.204,article
10.2166/washdev.2020.060,article
10.2166/washdev.2020.190,article
10.2166/washdev.2021.218,article
10.2166/washdev.2020.179,article
10.2166/washdev.2020.084,article
10.2166/washdev.2020.020,article
10.2166/washdev.2020.093,article
10.2166/washdev.2021.174,article
10.2166/washdev.2020.096,article
10.2166/washdev.2020.141,article
10.2166/washdev.2021.137,article
10.2166/washdev.2020.186,article
10.2166/washdev.2020.158,article
10.2166/washdev.2021.119,article
10.2166/washdev.2020.046,article
10.2166/washdev.2020.098,article
10.2166/washdev.2020.056,article
10.2166/washdev.2020.126,article
10.2166/washdev.2020.157,article
10.2166/washdev.2020.081,article
10.2166/washdev.2020.037,article
10.2166/washdev.2020.152,article
10.2166/washdev.2020.128,article
10.2166/washdev.2020.085,article
10.2166/washdev.2020.095,article
10.2166/washdev.2020.159,article
10.2166/washdev.2021.217,article
10.2166/washdev.2020.202,article
10.2166/washdev.2020.075,article
10.2166/washdev.2020.115,article
10.2166/washdev.2020.088,article
10.2166/washdev.2020.076,article
10.2166/washdev.2020.070,article
10.2166/washdev.2020.104,article
10.2166/washdev.2020.173,article
10.2166/washdev.2020.118,article
10.2166/washdev.2020.135,article
10.2166/washdev.2020.145,article
10.2166/washdev.2020.041,article
10.2166/washdev.2020.256,article
10.2166/washdev.2020.125,article
10.2166/washdev.2020.279,article
10.2166/washdev.2021.117,article
10.2166/washdev.2021.002,article
10.2166/washdev.2021.078,article
10.2166/washdev.2021.057,article
10.2166/washdev.2021.268,article
10.2166/washdev.2021.045,article
10.2166/washdev.2021.254,article
10.2166/washdev.2021.264,article
10.2166/washdev.2021.069,article
10.2166/washdev.2021.238,article
10.2166/washdev.2021.118,article
10.2166/washdev.2021.092,article
10.2166/washdev.2021.130,article
10.2166/washdev.2021.070,article
10.2166/washdev.2021.046,article
10.2166/washdev.2021.243,article
10.2166/washdev.2021.240,article
10.2166/washdev.2021.006,review
10.2166/washdev.2021.099,article
10.2166/washdev.2021.262,article
10.2166/washdev.2021.101,article
10.2166/washdev.2021.230,article
10.2166/washdev.2021.234,article
10.2166/washdev.2021.075,article
10.2166/washdev.2021.200,article
10.2166/washdev.2021.249,article
10.2166/washdev.2021.018,article
10.2166/washdev.2021.079,article
10.2166/washdev.2021.026,article
10.2166/washdev.2021.062,article
10.2166/washdev.2021.023,article
10.2166/washdev.2021.160,article
10.2166/washdev.2021.265,article
10.2166/washdev.2021.236,article
10.2166/washdev.2021.255,article
10.2166/washdev.2021.115,article
10.2166/washdev.2021.232,article
10.2166/washdev.2021.242,article
10.2166/washdev.2021.222,article
10.2166/washdev.2021.091,article
10.2166/washdev.2021.270,article
10.2166/washdev.2021.022,article
10.2166/washdev.2021.090,article
10.2166/washdev.2021.257,article
10.2166/washdev.2021.049,article
10.2166/washdev.2021.120,article
10.2166/washdev.2021.028,article
10.2166/washdev.2021.261,article
10.2166/washdev.2021.239,article
10.2166/washdev.2021.011,article
10.2166/washdev.2022.136,article
10.2166/washdev.2021.260,article
10.2166/washdev.2022.060,article
10.2166/washdev.2022.003,article
10.2166/washdev.2023.020,article
10.2166/washdev.2022.152,article
10.2166/washdev.2021.193,article
10.2166/washdev.2022.226,article
10.2166/washdev.2023.153,article
10.2166/washdev.2022.157,article
10.2166/washdev.2022.222,article
10.2166/washdev.2022.068,article
10.2166/washdev.2023.203,article
10.2166/washdev.2022.176,article
10.2166/washdev.2022.126,article
10.2166/washdev.2022.154,article
10.2166/washdev.2022.061,article
10.2166/washdev.2022.041,article
10.2166/washdev.2022.034,article
10.2166/washdev.2022.206,article
10.2166/washdev.2022.038,article
10.2166/washdev.2022.076,article
10.2166/washdev.2022.098,article
10.2166/washdev.2022.243,article
10.2166/washdev.2022.183,article
10.2166/washdev.2022.120,article
10.2166/washdev.2023.164,article
10.2166/washdev.2022.165,article
10.2166/washdev.2022.084,article
10.2166/washdev.2022.166,article
10.2166/washdev.2023.123,article
10.2166/washdev.2022.196,article
10.2166/washdev.2023.197,article
10.2166/washdev.2022.016,article
10.2166/washdev.2022.115,article
10.2166/washdev.2022.124,article
10.2166/washdev.2022.071,article
10.2166/washdev.2022.002,article
10.2166/washdev.2021.083,article
10.2166/washdev.2022.023,article
10.2166/washdev.2022.149,article
10.2166/washdev.2022.049,article
10.2166/washdev.2022.202,article
10.2166/washdev.2022.040,review
10.2166/washdev.2022.306,article
10.2166/washdev.2022.089,article
10.2166/washdev.2021.134,article
10.2166/washdev.2022.178,article
10.2166/washdev.2022.203,article
10.2166/washdev.2022.054,article
10.2166/washdev.2024.278,article
10.2166/washdev.2023.165,article
10.2166/washdev.2023.009,article
10.2166/washdev.2023.258,article
10.2166/washdev.2023.019,article
10.2166/washdev.2023.252,article
10.2166/washdev.2024.201,article
10.2166/washdev.2023.049,article
10.2166/washdev.2023.028,article
10.2166/washdev.2023.230,article
10.2166/washdev.2023.241,article
10.2166/washdev.2023.257,article
10.2166/washdev.2023.157,article
10.2166/washdev.2023.229,article
10.2166/washdev.2023.055,article
10.2166/washdev.2023.268,article
10.2166/washdev.2023.206,article
10.2166/washdev.2024.069,article
10.2166/washdev.2023.209,article
10.2166/washdev.2023.142,article
10.2166/washdev.2023.191,article
10.2166/washdev.2023.126,article
10.2166/washdev.2023.140,article
10.2166/washdev.2024.064,article
10.2166/washdev.2024.265,article
10.2166/washdev.2023.060,article
10.2166/washdev.2023.010,article
10.2166/washdev.2024.180,article
10.2166/washdev.2023.143,article
10.2166/washdev.2023.221,article
10.2166/washdev.2023.158,article
10.2166/washdev.2024.106,article
10.2166/washdev.2023.081,article
10.2166/washdev.2023.041,article
10.2166/washdev.2023.136,article
10.2166/washdev.2023.042,article
10.2166/washdev.2023.186,article
10.2166/washdev.2023.029,article
10.2166/washdev.2023.184,article
10.2166/washdev.2023.246,article
10.2166/washdev.2023.244,article
10.2166/washdev.2023.248,article
10.2166/washdev.2023.134,article
10.2166/washdev.2023.053,article
10.2166/washdev.2023.168,article
10.2166/washdev.2023.183,article
10.2166/washdev.2023.192,article
10.2166/washdev.2023.249,article
10.2166/washdev.2023.066,article
10.2166/washdev.2023.089,article
10.2166/washdev.2024.266,article
10.2166/washdev.2024.319,article
10.2166/washdev.2024.083,article
10.2166/washdev.2024.306,article
10.2166/washdev.2024.208,article
10.2166/washdev.2024.011,article
10.2166/washdev.2024.090,article
10.2166/washdev.2024.185,article
10.2166/washdev.2024.019,article
10.2166/washdev.2024.307,article
10.2166/washdev.2024.117,article
10.2166/washdev.2024.267,article
10.2166/washdev.2024.122,article
10.2166/washdev.2024.126,article
10.2166/washdev.2024.014,article
10.2166/washdev.2024.085,article
10.2166/washdev.2024.294,article
10.2166/washdev.2024.318,article
10.2166/washdev.2024.179,article
10.2166/washdev.2024.156,article
10.2166/washdev.2024.092,article
10.2166/washdev.2024.062,article
10.2166/washdev.2024.066,article
10.2166/washdev.2024.184,article
10.2166/washdev.2024.285,article
10.2166/washdev.2024.313,review
10.2166/washdev.2024.010,article
10.2166/washdev.2024.142,article
10.2166/washdev.2024.236,article
10.2166/washdev.2024.182,article
10.2166/washdev.2024.240,article
10.2166/washdev.2024.153,article
10.2166/washdev.2024.155,article
10.2166/washdev.2024.070,article
10.2166/washdev.2024.419,article
10.2166/washdev.2024.206,article
10.2166/washdev.2024.233,article
10.2166/washdev.2024.075,article
10.2166/washdev.2024.025,article
10.2166/washdev.2024.197,article
10.2166/washdev.2024.067,article
10.2166/washdev.2024.129,article
10.2166/washdev.2024.017,article
10.2166/washdev.2024.295,article
10.2166/washdev.2024.174,article
10.2166/washdev.2024.223,article
10.2166/washdev.2024.169,article
10.2166/washdev.2024.192,article
10.2166/washdev.2024.038,article
10.2166/washdev.2024.385,article
10.2166/washdev.2024.220,article
10.2166/washdev.2025.267,review
10.2166/washdev.2025.101,review
10.2166/washdev.2025.285,article
10.2166/washdev.2025.001,article
10.2166/washdev.2024.144,article
10.2166/washdev.2025.330,article
10.2166/washdev.2025.333,article
10.2166/washdev.2024.115,article
10.2166/washdev.2025.281,article
10.2166/washdev.2024.243,article
10.2166/washdev.2024.120,article
10.2166/washdev.2024.209,article
10.2166/washdev.2024.203,review
10.2166/washdev.2024.172,article
10.2166/washdev.2024.380,article
10.2166/washdev.2025.322,article
10.2166/washdev.2025.306,article
10.2166/washdev.2025.299,article
10.2166/washdev.2025.147,article
10.2166/washdev.2024.250,article
10.2166/washdev.2024.284,article
10.2166/washdev.2025.239,article
10.2166/washdev.2025.270,article
10.2166/washdev.2025.247,article
10.2166/washdev.2025.244,article
10.2166/washdev.2025.284,article
10.2166/washdev.2025.102,article
10.2166/washdev.2025.301,article
10.2166/washdev.2025.039,article
10.2166/washdev.2025.041,article
10.2166/washdev.2025.309,article
10.2166/washdev.2024.280,article
10.2166/washdev.2025.337,article
10.2166/washdev.2025.008,article
10.2166/washdev.2024.095,article
10.2166/washdev.2024.081,article
10.2166/washdev.2024.249,article
10.2166/washdev.2024.214,article
10.2166/washdev.2024.114,article
10.2166/washdev.2024.148,article
10.2166/washdev.2025.237,article
10.2166/washdev.2025.238,article
10.2166/washdev.2024.234,article
10.2166/washdev.2025.020,article
10.2166/washdev.2025.241,article
10.2166/washdev.2025.017,article
10.2166/washdev.2025.340,article
10.2166/washdev.2025.016,article
10.2166/washdev.2025.349,article
10.2166/wh.2020.162,article
10.2166/wh.2020.059,article
10.2166/washdev.2025.038,article
10.2166/washdev.2025.079,article
10.2166/washdev.2025.023,article
10.2166/washdev.2026.125,article
10.2166/wh.2020.188,article
10.2166/wh.2020.038,article
10.2166/washdev.2025.053,article
10.2166/washdev.2025.346,article
10.2166/washdev.2025.058,article
10.2166/washdev.2026.217,article
10.2166/washdev.2026.200,article
10.2166/washdev.2025.005,article
10.2166/washdev.2025.084,article
10.2166/washdev.2025.028,article
10.2166/washdev.2025.138,article
10.2166/washdev.2025.040,article
10.2166/washdev.2025.035,article
10.2166/washdev.2025.094,article
10.2166/washdev.2025.161,article
10.2166/washdev.2025.065,article
10.2166/washdev.2025.117,article
10.2166/washdev.2025.323,article
10.2166/washdev.2025.162,article
10.2166/washdev.2025.112,article
10.2166/washdev.2025.144,article
10.2166/washdev.2025.214,article
10.2166/washdev.2025.204,article
10.2166/washdev.2025.149,article
10.2166/washdev.2026.202,article
10.2166/washdev.2026.156,article
10.2166/washdev.2026.108,article
10.2166/washdev.2026.283,article
10.2166/washdev.2026.182,article
10.2166/washdev.2026.257,article
10.2166/washdev.2026.294,article
10.2166/washdev.2026.098,article
10.2166/washdev.2026.114,article
10.2166/washdev.2026.250,article
10.2166/wh.2026.261,article
10.2166/wh.2026.194,article
10.2166/wh.2026.198,article
10.2166/wh.2026.136,article
10.2166/washdev.2026.116,article
10.2166/wh.2026.190,article
10.2166/washdev.2026.264,article
10.2166/washdev.2026.008,article
10.2166/wh.2026.240,article
10.2166/wh.2026.006,article
10.2166/wh.2020.108,article
10.2166/wh.2020.171,article
10.2166/wh.2020.042,article
10.2166/wh.2020.033,article
10.2166/wh.2020.014,article
10.2166/wh.2020.216,article
10.2166/wh.2020.179,review
10.2166/wh.2020.183,article
10.2166/wh.2020.093,article
10.2166/wh.2020.123,article
10.2166/wh.2020.020,article
10.2166/wh.2020.115,article
10.2166/wh.2020.095,article
10.2166/wh.2020.085,article
10.2166/wh.2020.141,article
10.2166/wh.2021.274,article
10.2166/wh.2020.121,article
10.2166/wh.2020.168,article
10.2166/wh.2020.401,article
10.2166/wh.2020.112,article
10.2166/wh.2020.111,article
10.2166/wh.2021.150,article
10.2166/wh.2020.019,article
10.2166/wh.2020.086,article
10.2166/wh.2020.069,article
10.2166/wh.2020.146,article
10.2166/wh.2020.018,article
10.2166/wh.2020.301,article
10.2166/wh.2021.251,article
10.2166/wh.2020.147,article
10.2166/wh.2020.034,article
10.2166/wh.2021.247,article
10.2166/wh.2021.242,article
10.2166/wh.2020.100,article
10.2166/wh.2020.143,article
10.2166/wh.2020.193,article
10.2166/wh.2020.139,article
10.2166/wh.2020.057,article
10.2166/wh.2020.132,article
10.2166/wh.2020.065,article
10.2166/wh.2020.271,article
10.2166/wh.2020.089,article
10.2166/wh.2020.236,article
10.2166/wh.2020.214,article
10.2166/wh.2020.050,article
10.2166/wh.2020.087,article
10.2166/wh.2020.160,article
10.2166/wh.2020.125,article
10.2166/wh.2020.255,article
10.2166/wh.2020.224,article
10.2166/wh.2021.202,article
10.2166/wh.2021.025,article
10.2166/wh.2021.205,review
10.2166/wh.2021.011,article
10.2166/wh.2021.079,article
10.2166/wh.2021.112,review
10.2166/wh.2021.264,review
10.2166/wh.2021.171,article
10.2166/wh.2021.085,article
10.2166/wh.2021.212,article
10.2166/wh.2021.051,article
10.2166/wh.2021.059,article
10.2166/wh.2021.119,article
10.2166/wh.2021.167,article
10.2166/wh.2021.240,article
10.2166/wh.2021.101,review
10.2166/wh.2021.127,article
10.2166/wh.2021.075,article
10.2166/wh.2021.162,article
10.2166/wh.2021.113,article
10.2166/wh.2021.071,article
10.2166/wh.2021.133,article
10.2166/wh.2021.128,article
10.2166/wh.2021.117,article
10.2166/wh.2021.052,article
10.2166/wh.2021.015,article
10.2166/wh.2021.058,article
10.2166/wh.2021.068,review
10.2166/wh.2021.038,article
10.2166/wh.2021.064,article
10.2166/wh.2021.094,article
10.2166/wh.2021.026,article
10.2166/wh.2021.063,article
10.2166/wh.2021.175,article
10.2166/wh.2021.203,article
10.2166/wh.2021.260,article
10.2166/wh.2021.050,article
10.2166/wh.2021.003,article
10.2166/wh.2021.204,article
10.2166/wh.2021.151,article
10.2166/wh.2021.027,article
10.2166/wh.2021.144,article
10.2166/wh.2021.091,article
10.2166/wh.2021.005,article
10.2166/wh.2021.263,article
10.2166/wh.2021.126,article
10.2166/wh.2021.153,article
10.2166/wh.2021.031,article
10.2166/wh.2021.267,article
10.2166/wh.2021.111,article
10.2166/wh.2022.003,article
10.2166/wh.2022.284,article
10.2166/wh.2022.101,article
10.2166/wh.2022.265,article
10.2166/wh.2022.028,article
10.2166/wh.2021.186,article
10.2166/wh.2022.233,article
10.2166/wh.2022.264,article
10.2166/wh.2022.015,article
10.2166/wh.2022.185,article
10.2166/wh.2022.243,article
10.2166/wh.2022.210,article
10.2166/wh.2021.192,article
10.2166/wh.2022.190,article
10.2166/wh.2022.216,article
10.2166/wh.2022.266,article
10.2166/wh.2022.312,article
10.2166/wh.2022.179,article
10.2166/wh.2022.251,article
10.2166/wh.2022.307,article
10.2166/wh.2022.011,article
10.2166/wh.2021.223,article
10.2166/wh.2022.267,article
10.2166/wh.2022.263,article
10.2166/wh.2022.291,article
10.2166/wh.2022.285,article
10.2166/wh.2022.256,article
10.2166/wh.2021.160,article
10.2166/wh.2022.250,article
10.2166/wh.2022.060,article
10.2166/wh.2021.312,article
10.2166/wh.2022.228,article
10.2166/wh.2021.211,article
10.2166/wh.2021.169,article
10.2166/wh.2021.250,article
10.2166/wh.2022.252,article
10.2166/wh.2022.219,article
10.2166/wh.2022.310,article
10.2166/wh.2021.255,article
10.2166/wh.2022.144,article
10.2166/wh.2021.156,article
10.2166/wh.2022.232,article
10.2166/wh.2022.217,article
10.2166/wh.2022.070,article
10.2166/wh.2022.014,article
10.2166/wh.2022.289,article
10.2166/wh.2022.064,article
10.2166/wh.2022.022,article
10.2166/wh.2022.229,article
10.2166/wh.2022.296,article
10.2166/wh.2022.087,article
10.2166/wh.2022.094,article
10.2166/wh.2022.026,article
10.2166/wh.2022.062,article
10.2166/wh.2022.165,article
10.2166/wh.2022.130,article
10.2166/wh.2022.085,article
10.2166/wh.2022.146,article
10.2166/wh.2022.115,review
10.2166/wh.2022.021,article
10.2166/wh.2022.117,article
10.2166/wh.2022.262,article
10.2166/wh.2022.177,article
10.2166/wh.2023.237,article
10.2166/wh.2022.097,article
10.2166/wh.2022.286,article
10.2166/wh.2022.140,article
10.2166/wh.2022.055,article
10.2166/wh.2022.061,article
10.2166/wh.2022.159,article
10.2166/wh.2022.030,article
10.2166/wh.2022.114,article
10.2166/wh.2022.188,article
10.2166/wh.2022.127,article
10.2166/wh.2022.048,article
10.2166/wh.2022.135,article
10.2166/wh.2022.194,article
10.2166/wh.2022.029,article
10.2166/wh.2022.069,article
10.2166/wh.2022.276,article
10.2166/wh.2022.089,article
10.2166/wh.2022.035,article
10.2166/wh.2022.108,article
10.2166/wh.2022.129,article
10.2166/wh.2022.223,article
10.2166/wh.2022.093,article
10.2166/wh.2022.293,article
10.2166/wh.2022.143,article
10.2166/wh.2022.098,article
10.2166/wh.2022.193,article
10.2166/wh.2022.192,article
10.2166/wh.2022.043,article
10.2166/wh.2022.128,article
10.2166/wh.2022.163,article
10.2166/wh.2022.186,article
10.2166/wh.2022.201,article
10.2166/wh.2022.092,article
10.2166/wh.2022.072,article
10.2166/wh.2022.131,article
10.2166/wh.2022.164,article
10.2166/wh.2022.214,review
10.2166/wh.2023.063,article
10.2166/wh.2023.284,article
10.2166/wh.2023.235,article
10.2166/wh.2023.312,article
10.2166/wh.2023.264,article
10.2166/wh.2023.280,article
10.2166/wh.2023.019,article
10.2166/wh.2023.013,article
10.2166/wh.2023.306,article
10.2166/wh.2023.238,article
10.2166/wh.2023.267,article
10.2166/wh.2023.034,article
10.2166/wh.2023.042,review
10.2166/wh.2023.047,article
10.2166/wh.2023.246,article
10.2166/wh.2023.260,article
10.2166/wh.2023.222,article
10.2166/wh.2023.258,article
10.2166/wh.2023.274,article
10.2166/wh.2023.154,article
10.2166/wh.2023.014,article
10.2166/wh.2023.252,article
10.2166/wh.2022.249,article
10.2166/wh.2023.298,article
10.2166/wh.2023.015,article
10.2166/wh.2023.309,article
10.2166/wh.2023.255,article
10.2166/wh.2023.189,article
10.2166/wh.2023.215,article
10.2166/wh.2023.213,article
10.2166/wh.2023.199,article
10.2166/wh.2023.153,article
10.2166/wh.2023.325,article
10.2166/wh.2023.191,article
10.2166/wh.2023.035,article
10.2166/wh.2023.126,article
10.2166/wh.2023.287,article
10.2166/wh.2023.025,article
10.2166/wh.2023.209,article
10.2166/wh.2023.241,article
10.2166/wh.2023.052,article
10.2166/wh.2023.207,article
10.2166/wh.2023.302,article
10.2166/wh.2023.009,article
10.2166/wh.2023.008,article
10.2166/wh.2023.276,article
10.2166/wh.2023.239,article
10.2166/wh.2023.291,article
10.2166/wh.2023.278,article
10.2166/wh.2023.094,article
10.2166/wh.2023.114,article
10.2166/wh.2023.045,article
10.2166/wh.2023.004,article
10.2166/wh.2023.069,article
10.2166/wh.2023.182,article
10.2166/wh.2023.299,article
10.2166/wh.2023.164,article
10.2166/wh.2023.192,article
10.2166/wh.2023.129,article
10.2166/wh.2023.108,article
10.2166/wh.2023.147,article
10.2166/wh.2023.188,article
10.2166/wh.2023.217,article
10.2166/wh.2023.062,article
10.2166/wh.2023.128,article
10.2166/wh.2023.132,article
10.2166/wh.2023.261,article
10.2166/wh.2023.040,article
10.2166/wh.2023.077,article
10.2166/wh.2023.360,article
10.2166/wh.2023.111,article
10.2166/wh.2023.149,article
10.2166/wh.2023.262,article
10.2166/wh.2023.121,article
10.2166/wh.2023.141,article
10.2166/wh.2023.088,article
10.2166/wh.2023.089,article
10.2166/wh.2023.186,article
10.2166/wh.2023.247,article
10.2166/wh.2023.190,article
10.2166/wh.2023.157,article
10.2166/wh.2023.208,article
10.2166/wh.2023.101,article
10.2166/wh.2023.335,article
10.2166/wh.2023.234,article
10.2166/wh.2023.027,article
10.2166/wh.2023.179,article
10.2166/wh.2023.130,article
10.2166/wh.2023.059,article
10.2166/wh.2023.283,article
10.2166/wh.2023.203,article
10.2166/wh.2023.131,article
10.2166/wh.2023.142,article
10.2166/wh.2023.125,article
10.2166/wh.2023.091,article
10.2166/wh.2023.204,article
10.2166/wh.2023.178,article
10.2166/wh.2023.220,article
10.2166/wh.2023.391,article
10.2166/wh.2023.082,article
10.2166/wh.2024.291,article
10.2166/wh.2024.322,article
10.2166/wh.2024.326,article
10.2166/wh.2024.276,article
10.2166/wh.2023.102,article
10.2166/wh.2024.144,article
10.2166/wh.2023.206,article
10.2166/wh.2024.382,article
10.2166/wh.2023.070,article
10.2166/wh.2024.324,article
10.2166/wh.2024.207,article
10.2166/wh.2024.320,article
10.2166/wh.2023.279,review
10.2166/wh.2024.286,article
10.2166/wh.2024.305,article
10.2166/wh.2023.116,article
10.2166/wh.2023.072,article
10.2166/wh.2023.205,article
10.2166/wh.2023.133,article
10.2166/wh.2023.026,article
10.2166/wh.2024.345,article
10.2166/wh.2023.245,article
10.2166/wh.2023.277,article
10.2166/wh.2023.266,article
10.2166/wh.2024.283,article
10.2166/wh.2024.022,article
10.2166/wh.2024.302,article
10.2166/wh.2024.124,article
10.2166/wh.2024.321,article
10.2166/wh.2024.299,article
10.2166/wh.2024.306,article
10.2166/wh.2024.362,article
10.2166/wh.2024.005,article
10.2166/wh.2023.310,article
10.2166/wh.2024.168,article
10.2166/wh.2024.348,article
10.2166/wh.2024.231,article
10.2166/wh.2024.018,article
10.2166/wh.2023.236,article
10.2166/wh.2023.103,article
10.2166/wh.2024.309,article
10.2166/wh.2023.232,article
10.2166/wh.2024.273,article
10.2166/wh.2024.233,article
10.2166/wh.2023.117,article
10.2166/wh.2023.183,article
10.2166/wh.2024.159,article
10.2166/wh.2024.327,article
10.2166/wh.2024.390,article
10.2166/wh.2024.393,article
10.2166/wh.2024.102,article
10.2166/wh.2024.186,article
10.2166/wh.2024.107,review
10.2166/wh.2024.074,article
10.2166/wh.2024.241,article
10.2166/wh.2024.122,article
10.2166/wh.2024.312,article
10.2166/wh.2024.303,article
10.2166/wh.2024.131,article
10.2166/wh.2024.319,article
10.2166/wh.2024.026,article
10.2166/wh.2024.373,article
10.2166/wh.2024.384,article
10.2166/wh.2024.060,article
10.2166/wh.2024.106,article
10.2166/wh.2024.246,article
10.2166/wh.2024.057,article
10.2166/wh.2024.251,article
10.2166/wh.2024.154,article
10.2166/wh.2024.294,article
10.2166/wh.2024.091,article
10.2166/wh.2024.177,article
10.2166/wh.2024.038,article
10.2166/wh.2024.352,article
10.2166/wh.2024.344,article
10.2166/wh.2024.062,article
10.2166/wh.2024.377,article
10.2166/wh.2024.338,article
10.2166/wh.2024.019,article
10.2166/wh.2024.025,article
10.2166/wh.2024.036,article
10.2166/wh.2024.076,article
10.2166/wh.2024.059,article
10.2166/wh.2024.101,article
10.2166/wh.2024.109,article
10.2166/wh.2024.087,article
10.2166/wh.2024.041,article
10.2166/wh.2024.111,article
10.2166/wh.2024.288,article
10.2166/wh.2024.086,article
10.2166/wh.2024.029,article
10.2166/wh.2024.300,article
10.2166/wh.2024.337,article
10.2166/wh.2024.103,article
10.2166/wh.2024.365,article
10.2166/wh.2024.071,article
10.2166/wh.2024.127,article
10.2166/wh.2024.056,article
10.2166/wh.2024.085,article
10.2166/wh.2024.024,article
10.2166/wh.2024.232,article
10.2166/wh.2024.254,article
10.2166/wh.2024.205,article
10.2166/wh.2024.126,article
10.2166/wh.2024.371,article
10.2166/wh.2024.098,article
10.2166/wh.2024.210,article
10.2166/wh.2024.196,article
10.2166/wh.2024.094,review
10.2166/wh.2024.166,article
10.2166/wh.2024.116,article
10.2166/wh.2024.188,article
10.2166/wh.2024.285,article
10.2166/wh.2024.277,article
10.2166/wh.2024.081,article
10.2166/wh.2024.133,article
10.2166/wh.2024.256,article
10.2166/wh.2024.388,article
10.2166/wh.2024.366,article
10.2166/wh.2024.313,article
10.2166/wh.2024.270,article
10.2166/wh.2024.250,article
10.2166/wh.2024.212,article
10.2166/wh.2024.394,article
10.2166/wh.2024.476,article
10.2166/wh.2024.392,article
10.2166/wh.2024.042,article
10.2166/wh.2024.265,article
10.2166/wh.2024.163,article
10.2166/wh.2024.179,article
10.2166/wh.2024.223,article
10.2166/wh.2024.301,article
10.2166/wh.2024.156,article
10.2166/wh.2024.120,article
10.2166/wh.2024.407,article
10.2166/wh.2024.284,article
10.2166/wh.2024.490,article
10.2166/wh.2024.230,article
10.2166/wh.2024.161,article
10.2166/wh.2024.115,article
10.2166/wh.2024.108,article
10.2166/wh.2024.391,article
10.2166/wh.2024.117,article
10.2166/wh.2024.307,article
10.2166/wh.2024.152,article
10.2166/wh.2024.167,article
10.2166/wh.2024.220,article
10.2166/wh.2024.263,article
10.2166/wh.2024.162,article
10.2166/wh.2024.314,review
10.2166/wh.2025.274,article
10.2166/wh.2025.316,article
10.2166/wh.2025.343,article
10.2166/wh.2025.333,article
10.2166/wh.2025.304,review
10.2166/wh.2025.022,article
10.2166/wh.2025.267,article
10.2166/wh.2025.059,article
10.2166/wh.2024.113,article
10.2166/wh.2025.280,article
10.2166/wh.2025.211,article
10.2166/wh.2025.242,article
10.2166/wh.2025.325,article
10.2166/wh.2025.351,article
10.2166/wh.2025.200,article
10.2166/wh.2025.352,article
10.2166/wh.2025.350,article
10.2166/wh.2025.227,article
10.2166/wh.2025.392,article
10.2166/wh.2024.145,article
10.2166/wh.2025.264,article
10.2166/wh.2025.023,article
10.2166/wh.2025.353,article
10.2166/wh.2025.050,article
10.2166/wh.2025.374,article
10.2166/wh.2024.399,article
10.2166/wh.2024.225,article
10.2166/wh.2025.057,article
10.2166/wh.2025.298,review
10.2166/wh.2025.323,article
10.2166/wh.2025.395,article
10.2166/wh.2025.041,article
10.2166/wh.2024.268,article
10.2166/wh.2025.300,article
10.2166/wh.2025.289,article
10.2166/wh.2025.258,article
10.2166/wh.2025.486,article
10.2166/wh.2025.324,article
10.2166/wh.2025.095,article
10.2166/wh.2024.128,article
10.2166/wh.2025.372,article
10.2166/wh.2025.040,article
10.2166/wh.2025.165,article
10.2166/wh.2025.388,article
10.2166/wh.2025.286,article
10.2166/wh.2025.327,article
10.2166/wh.2025.006,article
10.2166/wh.2025.320,article
10.2166/wh.2025.009,article
10.2166/wh.2025.082,article
10.2166/wh.2025.028,article
10.2166/wh.2025.096,article
10.2166/wh.2025.045,article
10.2166/wh.2025.072,article
10.2166/wh.2025.056,article
10.2166/wh.2025.244,article
10.2166/wh.2025.103,article
10.2166/wh.2025.113,article
10.2166/wh.2025.102,article
10.2166/wh.2025.128,article
10.2166/wh.2025.058,article
10.2166/wh.2025.036,article
10.2166/wh.2025.346,article
10.2166/wh.2025.080,article
10.2166/wh.2025.131,article
10.2166/wh.2026.182,article
10.2166/wh.2026.233,review
10.2166/wh.2026.070,article
10.2166/wh.2025.295,article
10.2166/wh.2025.037,article
10.2166/wh.2025.098,article
10.2166/wh.2025.051,article
10.2166/wh.2025.042,article
10.2166/wh.2025.062,article
10.2166/wh.2025.381,article
10.2166/wh.2025.083,article
10.2166/wh.2025.203,article
10.2166/wh.2025.077,article
10.2166/wh.2025.126,article
10.2166/wh.2025.142,article
10.2166/wh.2025.364,article
10.2166/wh.2025.240,article
10.2166/wh.2025.167,article
10.2166/wh.2025.303,article
10.2166/wh.2026.160,article
10.2166/wh.2026.187,article
10.2166/wh.2026.248,article
10.2166/wh.2026.228,article
10.2166/wh.2026.176,article
10.2166/wh.2025.162,article
10.2166/wh.2026.091,article
10.2166/wh.2026.243,article
10.2166/wh.2026.129,article
10.2166/wh.2026.150,article
10.2166/wh.2026.180,article
10.2166/wh.2026.211,article
10.2166/wh.2026.127,article
10.2166/wh.2026.076,article
10.2166/wh.2026.387,article
10.2166/aqua.2021.129,article
10.2166/aqua.2021.127,article
10.2166/aqua.2020.058,article
10.2166/aqua.2020.115,article
10.2166/aqua.2021.087,article
10.2166/aqua.2021.076,article
10.2166/aqua.2021.009,article
10.2166/aqua.2021.100,article
10.2166/aqua.2021.128,article
10.2166/aqua.2020.055,article
10.2166/aqua.2020.065,article
10.2166/aqua.2021.136,article
10.2166/aqua.2021.020,article
10.2166/aqua.2021.154,article
10.2166/aqua.2021.140,article
10.2166/aqua.2020.101,article
10.2166/aqua.2021.151,article
10.2166/aqua.2020.093,article
10.2166/aqua.2021.125,article
10.2166/aqua.2021.039,article
10.2166/aqua.2021.166,article
10.2166/aqua.2021.150,article
10.2166/aqua.2021.007,article
10.2166/aqua.2021.163,article
10.2166/aqua.2021.011,article
10.2166/aqua.2021.124,article
10.2166/wh.2026.222,article
10.2166/aqua.2021.025,article
10.2166/aqua.2021.142,article
10.2166/aqua.2020.117,article
10.2166/aqua.2021.122,article
10.2166/aqua.2020.031,article
10.2166/aqua.2021.147,article
10.2166/wh.2026.234,article
10.2166/wh.2026.281,article
10.2166/wh.2026.212,article
10.2166/wh.2026.273,article
10.2166/wh.2026.237,article
10.2166/wh.2026.173,article
10.2166/wh.2026.099,article
10.2166/wh.2026.269,article
10.2166/wh.2026.125,article
10.2166/wh.2026.244,article
10.2166/wh.2026.209,review
10.2166/wh.2026.205,article
10.2166/wh.2026.206,article
10.2166/wh.2026.030,article
10.2166/wh.2026.146,article
10.2166/wh.2026.151,article
10.2166/wh.2026.075,article
10.2166/aqua.2021.056,article
10.2166/aqua.2021.146,article
10.2166/aqua.2021.043,article
10.2166/aqua.2021.101,article
10.2166/aqua.2021.205,article
10.2166/aqua.2021.019,article
10.2166/aqua.2021.227,article
10.2166/aqua.2021.107,article
10.2166/aqua.2021.067,article
10.2166/aqua.2021.086,article
10.2166/aqua.2021.133,article
10.2166/aqua.2021.059,article
10.2166/aqua.2021.050,article
10.2166/aqua.2021.132,article
10.2166/aqua.2021.084,article
10.2166/aqua.2021.079,article
10.2166/aqua.2021.005,article
10.2166/aqua.2021.123,article
10.2166/aqua.2021.016,article
10.2166/aqua.2021.012,article
10.2166/aqua.2021.002,article
10.2166/aqua.2021.156,article
10.2166/aqua.2021.158,article
10.2166/aqua.2021.222,article
10.2166/aqua.2021.103,article
10.2166/aqua.2021.139,article
10.2166/aqua.2021.049,article
10.2166/aqua.2021.061,article
10.2166/aqua.2021.058,article
10.2166/aqua.2021.022,article
10.2166/aqua.2021.042,article
10.2166/aqua.2021.225,article
10.2166/aqua.2021.041,article
10.2166/aqua.2021.057,article
10.2166/aqua.2021.034,article
10.2166/aqua.2021.026,article
10.2166/aqua.2021.164,article
10.2166/aqua.2021.148,article
10.2166/aqua.2021.060,article
10.2166/aqua.2021.035,article
10.2166/aqua.2021.055,article
10.2166/aqua.2021.018,article
10.2166/aqua.2021.144,article
10.2166/aqua.2021.030,article
10.2166/aqua.2021.006,article
10.2166/aqua.2021.017,article
10.2166/aqua.2021.082,article
10.2166/aqua.2021.069,article
10.2166/aqua.2021.114,article
10.2166/aqua.2021.120,article
10.2166/aqua.2022.017,article
10.2166/aqua.2022.118,article
10.2166/aqua.2022.029,article
10.2166/aqua.2022.047,article
10.2166/aqua.2022.004,article
10.2166/aqua.2022.023,article
10.2166/aqua.2022.031,article
10.2166/aqua.2022.111,article
10.2166/aqua.2022.136,article
10.2166/aqua.2022.097,article
10.2166/aqua.2022.012,article
10.2166/aqua.2022.034,review
10.2166/aqua.2022.165,article
10.2166/aqua.2022.005,article
10.2166/aqua.2022.161,article
10.2166/aqua.2022.002,article
10.2166/aqua.2022.065,article
10.2166/aqua.2022.036,article
10.2166/aqua.2022.159,article
10.2166/aqua.2022.039,article
10.2166/aqua.2022.144,article
10.2166/aqua.2022.110,article
10.2166/aqua.2022.157,article
10.2166/aqua.2022.026,article
10.2166/aqua.2022.080,article
10.2166/aqua.2022.174,article
10.2166/aqua.2022.153,article
10.2166/aqua.2022.092,article
10.2166/aqua.2022.060,article
10.2166/aqua.2022.056,article
10.2166/aqua.2022.061,article
10.2166/aqua.2022.066,article
10.2166/aqua.2022.058,article
10.2166/aqua.2022.162,article
10.2166/aqua.2021.232,article
10.2166/aqua.2022.147,article
10.2166/aqua.2022.042,article
10.2166/aqua.2022.134,article
10.2166/aqua.2022.090,article
10.2166/aqua.2022.032,article
10.2166/aqua.2022.167,article
10.2166/aqua.2022.131,article
10.2166/aqua.2022.106,article
10.2166/aqua.2022.139,article
10.2166/aqua.2022.038,article
10.2166/aqua.2022.138,article
10.2166/aqua.2022.152,article
10.2166/aqua.2022.052,article
10.2166/aqua.2022.128,article
10.2166/aqua.2022.074,article
10.2166/aqua.2022.133,article
10.2166/aqua.2023.176,article
10.2166/aqua.2022.119,article
10.2166/aqua.2022.028,article
10.2166/aqua.2022.041,article
10.2166/aqua.2022.150,article
10.2166/aqua.2022.076,article
10.2166/aqua.2023.211,article
10.2166/aqua.2023.213,article
10.2166/aqua.2022.089,article
10.2166/aqua.2022.107,article
10.2166/aqua.2022.063,article
10.2166/aqua.2023.113,article
10.2166/aqua.2023.179,article
10.2166/aqua.2023.233,article
10.2166/aqua.2023.090,article
10.2166/aqua.2023.205,article
10.2166/aqua.2022.218,article
10.2166/aqua.2022.267,article
10.2166/aqua.2023.173,article
10.2166/aqua.2023.188,article
10.2166/aqua.2022.132,article
10.2166/aqua.2022.100,article
10.2166/aqua.2023.217,article
10.2166/aqua.2023.230,article
10.2166/aqua.2022.238,article
10.2166/aqua.2022.040,article
10.2166/aqua.2022.073,article
10.2166/aqua.2023.231,article
10.2166/aqua.2022.037,article
10.2166/aqua.2022.166,article
10.2166/aqua.2023.181,article
10.2166/aqua.2023.006,article
10.2166/aqua.2022.075,article
10.2166/aqua.2023.161,article
10.2166/aqua.2022.082,article
10.2166/aqua.2023.003,article
10.2166/aqua.2023.212,article
10.2166/aqua.2023.190,article
10.2166/aqua.2022.253,article
10.2166/aqua.2022.095,article
10.2166/aqua.2022.244,article
10.2166/aqua.2022.051,article
10.2166/aqua.2022.125,article
10.2166/aqua.2023.191,article
10.2166/aqua.2022.234,article
10.2166/aqua.2023.198,article
10.2166/aqua.2022.143,article
10.2166/aqua.2023.142,article
10.2166/aqua.2022.154,article
10.2166/aqua.2023.122,article
10.2166/aqua.2023.035,article
10.2166/aqua.2023.200,article
10.2166/aqua.2023.123,article
10.2166/aqua.2023.097,article
10.2166/aqua.2023.013,article
10.2166/aqua.2023.047,article
10.2166/aqua.2023.042,article
10.2166/aqua.2023.216,article
10.2166/aqua.2023.316,review
10.2166/aqua.2023.086,article
10.2166/aqua.2023.020,article
10.2166/aqua.2023.010,article
10.2166/aqua.2023.051,article
10.2166/aqua.2023.101,article
10.2166/aqua.2023.027,article
10.2166/aqua.2023.089,article
10.2166/aqua.2023.049,article
10.2166/aqua.2023.043,article
10.2166/aqua.2023.023,article
10.2166/aqua.2023.208,article
10.2166/aqua.2023.197,article
10.2166/aqua.2023.137,article
10.2166/aqua.2023.120,article
10.2166/aqua.2023.088,article
10.2166/aqua.2023.177,article
10.2166/aqua.2023.290,article
10.2166/aqua.2023.184,article
10.2166/aqua.2023.108,article
10.2166/aqua.2023.222,article
10.2166/aqua.2023.046,article
10.2166/aqua.2023.201,article
10.2166/aqua.2023.067,article
10.2166/aqua.2023.210,article
10.2166/aqua.2023.199,article
10.2166/aqua.2023.193,article
10.2166/aqua.2023.012,article
10.2166/aqua.2023.032,article
10.2166/aqua.2023.102,article
10.2166/aqua.2023.074,article
10.2166/aqua.2023.060,article
10.2166/aqua.2023.104,article
10.2166/aqua.2023.075,article
10.2166/aqua.2023.098,article
10.2166/aqua.2023.288,article
10.2166/aqua.2023.169,article
10.2166/aqua.2023.017,article
10.2166/aqua.2023.063,article
10.2166/aqua.2023.021,article
10.2166/aqua.2023.195,article
10.2166/aqua.2024.211,article
10.2166/aqua.2023.180,article
10.2166/aqua.2023.048,article
10.2166/aqua.2023.276,article
10.2166/aqua.2023.132,article
10.2166/aqua.2023.016,article
10.2166/aqua.2023.118,article
10.2166/aqua.2023.093,article
10.2166/aqua.2023.269,article
10.2166/aqua.2023.056,article
10.2166/aqua.2023.299,article
10.2166/aqua.2024.227,article
10.2166/aqua.2023.071,article
10.2166/aqua.2023.413,article
10.2166/aqua.2023.062,article
10.2166/aqua.2023.100,article
10.2166/aqua.2023.215,article
10.2166/aqua.2023.014,article
10.2166/aqua.2024.196,article
10.2166/aqua.2024.154,article
10.2166/aqua.2023.284,article
10.2166/aqua.2023.117,article
10.2166/aqua.2023.168,article
10.2166/aqua.2023.301,article
10.2166/aqua.2023.226,article
10.2166/aqua.2023.105,article
10.2166/aqua.2023.293,article
10.2166/aqua.2023.319,article
10.2166/aqua.2023.189,article
10.2166/aqua.2023.242,article
10.2166/aqua.2023.390,article
10.2166/aqua.2023.313,article
10.2166/aqua.2023.203,article
10.2166/aqua.2023.036,article
10.2166/aqua.2023.038,article
10.2166/aqua.2023.388,article
10.2166/aqua.2023.278,article
10.2166/aqua.2024.289,article
10.2166/aqua.2023.081,article
10.2166/aqua.2023.318,article
10.2166/aqua.2023.127,article
10.2166/aqua.2023.059,article
10.2166/aqua.2023.153,article
10.2166/aqua.2023.304,article
10.2166/aqua.2023.025,article
10.2166/aqua.2023.261,article
10.2166/aqua.2023.133,article
10.2166/aqua.2023.192,article
10.2166/aqua.2023.236,article
10.2166/aqua.2024.110,article
10.2166/aqua.2024.292,article
10.2166/aqua.2024.010,article
10.2166/aqua.2024.235,article
10.2166/aqua.2024.225,article
10.2166/aqua.2024.224,article
10.2166/aqua.2024.255,article
10.2166/aqua.2024.328,article
10.2166/aqua.2024.265,article
10.2166/aqua.2024.304,article
10.2166/aqua.2024.056,article
10.2166/aqua.2024.033,article
10.2166/aqua.2024.266,article
10.2166/aqua.2024.264,article
10.2166/aqua.2024.150,article
10.2166/aqua.2024.307,article
10.2166/aqua.2024.323,article
10.2166/aqua.2024.243,article
10.2166/aqua.2024.222,article
10.2166/aqua.2024.175,article
10.2166/aqua.2024.317,article
10.2166/aqua.2024.329,article
10.2166/aqua.2024.040,article
10.2166/aqua.2024.239,article
10.2166/aqua.2024.305,article
10.2166/aqua.2024.194,article
10.2166/aqua.2024.009,article
10.2166/aqua.2024.261,article
10.2166/aqua.2024.251,article
10.2166/aqua.2024.221,article
10.2166/aqua.2024.300,article
10.2166/aqua.2024.173,article
10.2166/aqua.2024.008,article
10.2166/aqua.2024.318,article
10.2166/aqua.2024.209,article
10.2166/aqua.2024.246,article
10.2166/aqua.2024.326,article
10.2166/aqua.2024.082,article
10.2166/aqua.2024.079,article
10.2166/aqua.2024.331,article
10.2166/aqua.2024.019,article
10.2166/aqua.2024.105,article
10.2166/aqua.2024.240,article
10.2166/aqua.2024.075,article
10.2166/aqua.2024.017,article
10.2166/aqua.2024.006,article
10.2166/aqua.2024.012,article
10.2166/aqua.2024.335,article
10.2166/aqua.2024.034,article
10.2166/aqua.2024.296,article
10.2166/aqua.2024.077,article
10.2166/aqua.2024.427,article
10.2166/aqua.2024.125,article
10.2166/aqua.2024.360,article
10.2166/aqua.2024.132,article
10.2166/aqua.2024.259,review
10.2166/aqua.2024.099,article
10.2166/aqua.2024.195,article
10.2166/aqua.2024.199,article
10.2166/aqua.2024.101,article
10.2166/aqua.2024.203,article
10.2166/aqua.2024.206,article
10.2166/aqua.2024.087,article
10.2166/aqua.2024.205,article
10.2166/aqua.2024.085,article
10.2166/aqua.2024.130,article
10.2166/aqua.2024.411,article
10.2166/aqua.2024.161,article
10.2166/aqua.2024.045,article
10.2166/aqua.2024.281,article
10.2166/aqua.2024.152,article
10.2166/aqua.2024.083,article
10.2166/aqua.2024.180,article
10.2166/aqua.2024.182,article
10.2166/aqua.2024.215,article
10.2166/aqua.2024.244,article
10.2166/aqua.2024.201,article
10.2166/aqua.2024.322,article
10.2166/aqua.2024.400,article
10.2166/aqua.2024.179,article
10.2166/aqua.2024.115,article
10.2166/aqua.2024.123,article
10.2166/aqua.2024.172,article
10.2166/aqua.2024.207,article
10.2166/aqua.2024.268,article
10.2166/aqua.2024.236,article
10.2166/aqua.2024.118,article
10.2166/aqua.2024.091,article
10.2166/aqua.2024.229,article
10.2166/aqua.2024.089,article
10.2166/aqua.2024.023,article
10.2166/aqua.2024.149,article
10.2166/aqua.2024.212,article
10.2166/aqua.2024.321,article
10.2166/aqua.2024.129,article
10.2166/aqua.2024.233,article
10.2166/aqua.2024.092,article
10.2166/aqua.2024.278,article
10.2166/aqua.2024.135,article
10.2166/aqua.2024.188,article
10.2166/aqua.2024.510,article
10.2166/ws.2020.264,article
10.2166/aqua.2024.284,article
10.2166/aqua.2025.257,article
10.2166/ws.2020.137,article
10.2166/ws.2020.209,article
10.2166/ws.2020.164,article
10.2166/aqua.2024.288,article
10.2166/aqua.2024.247,article
10.2166/ws.2020.166,article
10.2166/ws.2020.289,article
10.2166/ws.2020.187,article
10.2166/aqua.2025.292,article
10.2166/aqua.2025.291,article
10.2166/aqua.2025.249,article
10.2166/aqua.2025.280,article
10.2166/aqua.2026.147,article
10.2166/ws.2020.202,article
10.2166/ws.2020.275,article
10.2166/aqua.2025.258,article
10.2166/aqua.2025.297,article
10.2166/aqua.2025.026,article
10.2166/aqua.2025.012,article
10.2166/aqua.2025.296,article
10.2166/aqua.2025.045,article
10.2166/aqua.2025.031,article
10.2166/aqua.2025.014,article
10.2166/aqua.2026.085,article
10.2166/aqua.2026.125,article
10.2166/ws.2020.239,article
10.2166/ws.2020.285,article
10.2166/aqua.2025.263,article
10.2166/aqua.2025.270,article
10.2166/aqua.2025.274,article
10.2166/aqua.2025.240,article
10.2166/ws.2020.147,article
10.2166/ws.2020.236,article
10.2166/aqua.2025.238,article
10.2166/aqua.2025.004,article
10.2166/aqua.2025.009,article
10.2166/aqua.2025.047,article
10.2166/aqua.2025.032,article
10.2166/aqua.2025.044,article
10.2166/aqua.2025.036,article
10.2166/aqua.2025.310,article
10.2166/aqua.2025.033,article
10.2166/aqua.2025.094,article
10.2166/aqua.2025.116,article
10.2166/aqua.2026.061,article
10.2166/aqua.2026.110,article
10.2166/ws.2020.355,article
10.2166/ws.2020.357,article
10.2166/ws.2020.331,article
10.2166/ws.2020.335,article
10.2166/ws.2020.297,article
10.2166/ws.2020.371,article
10.2166/ws.2020.368,article
10.2166/ws.2020.363,article
10.2166/ws.2020.352,article
10.2166/ws.2020.375,article
10.2166/ws.2020.237,article
10.2166/ws.2020.325,article
10.2166/ws.2020.247,article
10.2166/ws.2020.374,article
10.2166/ws.2020.370,article
10.2166/ws.2020.286,article
10.2166/ws.2020.308,article
10.2166/ws.2020.379,article
10.2166/ws.2020.367,article
10.2166/ws.2021.006,article
10.2166/ws.2020.350,article
10.2166/ws.2020.362,article
10.2166/ws.2020.369,article
10.2166/ws.2021.012,article
10.2166/ws.2020.312,article
10.2166/ws.2020.336,article
10.2166/ws.2020.351,article
10.2166/ws.2020.344,article
10.2166/ws.2020.354,article
10.2166/ws.2020.376,article
10.2166/ws.2021.011,article
10.2166/ws.2020.380,article
10.2166/ws.2020.324,article
10.2166/ws.2020.360,article
10.2166/ws.2020.284,article
10.2166/ws.2020.366,article
10.2166/ws.2020.373,article
10.2166/ws.2020.341,article
10.2166/ws.2020.253,article
10.2166/ws.2020.382,article
10.2166/ws.2020.287,article
10.2166/ws.2020.359,article
10.2166/ws.2020.358,article
10.2166/ws.2020.298,article
10.2166/ws.2020.296,article
10.2166/ws.2020.309,article
10.2166/ws.2020.321,article
10.2166/ws.2020.254,article
10.2166/ws.2020.339,article
10.2166/ws.2020.356,article
10.2166/ws.2021.020,article
10.2166/ws.2020.290,article
10.2166/ws.2021.018,article
10.2166/ws.2020.381,article
10.2166/ws.2020.349,article
10.2166/ws.2020.304,article
10.2166/ws.2021.031,article
10.2166/ws.2020.292,article
10.2166/ws.2021.010,article
10.2166/ws.2021.024,article
10.2166/ws.2021.026,article
10.2166/ws.2021.022,article
10.2166/ws.2020.343,article
10.2166/ws.2020.294,article
10.2166/ws.2021.021,article
10.2166/ws.2021.015,article
10.2166/ws.2021.008,article
10.2166/ws.2020.283,article
10.2166/ws.2021.004,article
10.2166/ws.2021.009,article
10.2166/ws.2020.323,article
10.2166/ws.2021.042,article
10.2166/ws.2020.347,article
10.2166/ws.2020.364,article
10.2166/ws.2021.017,article
10.2166/ws.2020.276,article
10.2166/ws.2021.030,article
10.2166/ws.2021.035,article
10.2166/ws.2020.268,article
10.2166/ws.2020.314,article
10.2166/ws.2021.014,article
10.2166/ws.2021.013,article
10.2166/ws.2021.023,article
10.2166/ws.2020.306,article
10.2166/ws.2020.377,article
10.2166/ws.2020.303,article
10.2166/ws.2021.034,article
10.2166/ws.2020.345,article
10.2166/ws.2020.293,article
10.2166/ws.2021.033,article
10.2166/ws.2021.001,article
10.2166/ws.2020.334,article
10.2166/ws.2021.029,article
10.2166/ws.2021.037,article
10.2166/ws.2020.291,article
10.2166/ws.2021.005,article
10.2166/ws.2021.032,article
10.2166/ws.2020.340,article
10.2166/ws.2020.378,article
10.2166/ws.2021.028,article
10.2166/ws.2021.060,article
10.2166/ws.2021.053,article
10.2166/ws.2021.138,article
10.2166/ws.2021.059,article
10.2166/ws.2020.280,article
10.2166/ws.2021.113,article
10.2166/ws.2021.052,article
10.2166/ws.2021.068,article
10.2166/ws.2021.132,article
10.2166/ws.2021.078,article
10.2166/ws.2020.299,article
10.2166/ws.2021.075,article
10.2166/ws.2021.044,article
10.2166/ws.2020.315,article
10.2166/ws.2021.040,article
10.2166/ws.2021.025,article
10.2166/ws.2021.056,article
10.2166/ws.2021.048,article
10.2166/ws.2021.043,article
10.2166/ws.2021.133,article
10.2166/ws.2021.155,article
10.2166/ws.2021.051,article
10.2166/ws.2021.077,article
10.2166/ws.2020.271,article
10.2166/ws.2021.054,article
10.2166/ws.2021.064,article
10.2166/ws.2021.097,article
10.2166/ws.2021.038,article
10.2166/ws.2021.118,article
10.2166/ws.2021.065,article
10.2166/ws.2020.281,article
10.2166/ws.2020.265,article
10.2166/ws.2020.266,article
10.2166/ws.2021.045,article
10.2166/ws.2021.057,article
10.2166/ws.2021.098,article
10.2166/ws.2021.066,article
10.2166/ws.2021.095,article
10.2166/ws.2021.217,article
10.2166/ws.2021.099,article
10.2166/ws.2021.046,article
10.2166/ws.2021.079,article
10.2166/ws.2020.198,article
10.2166/ws.2020.262,article
10.2166/ws.2021.072,article
10.2166/ws.2020.270,article
10.2166/ws.2021.036,article
10.2166/ws.2021.050,article
10.2166/ws.2021.074,article
10.2166/ws.2020.231,article
10.2166/ws.2021.101,article
10.2166/ws.2021.082,article
10.2166/ws.2020.302,article
10.2166/ws.2021.070,article
10.2166/ws.2021.126,article
10.2166/ws.2021.137,article
10.2166/ws.2021.140,article
10.2166/ws.2021.119,article
10.2166/ws.2021.112,article
10.2166/ws.2021.134,article
10.2166/ws.2021.073,article
10.2166/ws.2021.085,article
10.2166/ws.2021.084,article
10.2166/ws.2021.121,article
10.2166/ws.2021.083,article
10.2166/ws.2021.110,article
10.2166/ws.2021.123,article
10.2166/ws.2021.141,article
10.2166/ws.2021.103,article
10.2166/ws.2021.131,article
10.2166/ws.2021.128,article
10.2166/ws.2021.122,article
10.2166/ws.2021.144,article
10.2166/ws.2021.105,article
10.2166/ws.2021.130,article
10.2166/ws.2021.139,article
10.2166/ws.2021.096,article
10.2166/ws.2021.086,article
10.2166/ws.2021.100,article
10.2166/ws.2021.107,article
10.2166/ws.2021.090,article
10.2166/ws.2021.102,article
10.2166/ws.2021.136,article
10.2166/ws.2021.145,article
10.2166/ws.2021.116,article
10.2166/ws.2021.143,article
10.2166/ws.2021.149,article
10.2166/ws.2021.135,article
10.2166/ws.2021.115,article
10.2166/ws.2021.104,article
10.2166/ws.2021.125,article
10.2166/ws.2021.067,article
10.2166/ws.2021.087,article
10.2166/ws.2021.120,article
10.2166/ws.2021.092,article
10.2166/ws.2021.081,article
10.2166/ws.2021.080,article
10.2166/ws.2021.089,article
10.2166/ws.2021.147,article
10.2166/ws.2021.117,article
10.2166/ws.2021.160,article
10.2166/ws.2021.169,article
10.2166/ws.2021.146,article
10.2166/ws.2021.161,article
10.2166/ws.2021.199,article
10.2166/ws.2021.237,article
10.2166/ws.2021.194,article
10.2166/ws.2021.196,article
10.2166/ws.2021.151,article
10.2166/ws.2021.168,article
10.2166/ws.2021.165,article
10.2166/ws.2021.186,article
10.2166/ws.2021.170,article
10.2166/ws.2021.178,article
10.2166/ws.2021.184,article
10.2166/ws.2021.162,article
10.2166/ws.2021.204,article
10.2166/ws.2021.193,article
10.2166/ws.2021.159,article
10.2166/ws.2021.158,article
10.2166/ws.2021.191,article
10.2166/ws.2021.291,article
10.2166/ws.2021.167,article
10.2166/ws.2021.175,article
10.2166/ws.2021.181,article
10.2166/ws.2021.206,article
10.2166/ws.2021.179,article
10.2166/ws.2021.189,article
10.2166/ws.2021.288,article
10.2166/ws.2021.156,article
10.2166/ws.2021.164,article
10.2166/ws.2021.153,article
10.2166/ws.2021.154,article
10.2166/ws.2021.187,article
10.2166/ws.2021.208,article
10.2166/ws.2021.190,article
10.2166/ws.2021.183,article
10.2166/ws.2021.203,article
10.2166/ws.2021.166,article
10.2166/ws.2021.185,article
10.2166/ws.2021.150,article
10.2166/ws.2021.188,article
10.2166/ws.2021.174,article
10.2166/ws.2021.205,article
10.2166/ws.2021.197,article
10.2166/ws.2021.195,article
10.2166/ws.2021.177,article
10.2166/ws.2021.176,article
10.2166/ws.2021.200,article
10.2166/ws.2021.294,article
10.2166/ws.2021.232,article
10.2166/ws.2021.275,article
10.2166/ws.2021.238,article
10.2166/ws.2021.247,article
10.2166/ws.2021.242,article
10.2166/ws.2021.285,article
10.2166/ws.2021.246,article
10.2166/ws.2021.287,article
10.2166/ws.2021.269,article
10.2166/ws.2021.251,article
10.2166/ws.2021.277,article
10.2166/ws.2021.229,article
10.2166/ws.2021.268,article
10.2166/ws.2021.240,article
10.2166/ws.2021.276,article
10.2166/ws.2021.253,article
10.2166/ws.2021.273,article
10.2166/ws.2021.271,article
10.2166/ws.2021.249,article
10.2166/ws.2021.260,article
10.2166/ws.2021.254,article
10.2166/ws.2021.280,article
10.2166/ws.2021.265,article
10.2166/ws.2021.224,article
10.2166/ws.2021.235,article
10.2166/ws.2021.258,article
10.2166/ws.2021.252,article
10.2166/ws.2021.257,article
10.2166/ws.2021.286,article
10.2166/ws.2021.231,article
10.2166/ws.2021.270,article
10.2166/ws.2021.278,article
10.2166/ws.2021.236,article
10.2166/ws.2021.241,article
10.2166/ws.2021.289,article
10.2166/ws.2021.226,article
10.2166/ws.2021.262,article
10.2166/ws.2021.264,article
10.2166/ws.2021.283,article
10.2166/ws.2021.223,article
10.2166/ws.2021.290,article
10.2166/ws.2021.279,article
10.2166/ws.2021.284,article
10.2166/ws.2021.227,article
10.2166/ws.2021.281,article
10.2166/ws.2021.234,article
10.2166/ws.2021.274,article
10.2166/ws.2021.256,article
10.2166/ws.2021.259,article
10.2166/ws.2021.250,article
10.2166/ws.2021.327,article
10.2166/ws.2021.356,article
10.2166/ws.2021.336,article
10.2166/ws.2021.320,article
10.2166/ws.2021.330,article
10.2166/ws.2021.345,article
10.2166/ws.2021.342,article
10.2166/ws.2021.219,article
10.2166/ws.2021.323,article
10.2166/ws.2021.202,article
10.2166/ws.2021.348,article
10.2166/ws.2021.214,article
10.2166/ws.2021.213,article
10.2166/ws.2021.335,article
10.2166/ws.2021.331,article
10.2166/ws.2021.350,article
10.2166/ws.2021.343,article
10.2166/ws.2021.341,article
10.2166/ws.2021.351,article
10.2166/ws.2021.220,article
10.2166/ws.2021.212,article
10.2166/ws.2021.215,article
10.2166/ws.2021.321,article
10.2166/ws.2021.353,article
10.2166/ws.2021.318,article
10.2166/ws.2021.207,article
10.2166/ws.2021.319,article
10.2166/ws.2021.316,article
10.2166/ws.2021.325,article
10.2166/ws.2021.218,article
10.2166/ws.2021.211,article
10.2166/ws.2021.358,article
10.2166/ws.2021.346,article
10.2166/ws.2021.216,article
10.2166/ws.2021.307,article
10.2166/ws.2021.344,article
10.2166/ws.2021.317,article
10.2166/ws.2021.329,article
10.2166/ws.2021.349,article
10.2166/ws.2021.340,article
10.2166/ws.2021.333,article
10.2166/ws.2021.225,article
10.2166/ws.2021.314,article
10.2166/ws.2021.354,article
10.2166/ws.2021.209,article
10.2166/ws.2021.338,article
10.2166/ws.2021.282,article
10.2166/ws.2021.352,article
10.2166/ws.2021.332,article
10.2166/ws.2021.355,article
10.2166/ws.2021.458,article
10.2166/ws.2021.378,article
10.2166/ws.2021.367,article
10.2166/ws.2021.440,article
10.2166/ws.2021.299,article
10.2166/ws.2021.304,article
10.2166/ws.2021.454,article
10.2166/ws.2021.366,article
10.2166/ws.2022.007,article
10.2166/ws.2021.308,article
10.2166/ws.2021.437,article
10.2166/ws.2021.372,article
10.2166/ws.2021.297,article
10.2166/ws.2021.371,article
10.2166/ws.2021.359,article
10.2166/ws.2021.453,article
10.2166/ws.2021.361,article
10.2166/ws.2021.380,article
10.2166/ws.2021.455,article
10.2166/ws.2021.363,article
10.2166/ws.2021.445,article
10.2166/ws.2021.296,article
10.2166/ws.2021.365,article
10.2166/ws.2021.360,article
10.2166/ws.2021.446,article
10.2166/ws.2021.439,article
10.2166/ws.2021.295,article
10.2166/ws.2021.368,article
10.2166/ws.2021.452,article
10.2166/ws.2021.438,article
10.2166/ws.2021.311,article
10.2166/ws.2021.301,article
10.2166/ws.2021.442,article
10.2166/ws.2021.443,article
10.2166/ws.2021.441,article
10.2166/ws.2021.451,article
10.2166/ws.2021.309,article
10.2166/ws.2021.428,article
10.2166/ws.2021.312,article
10.2166/ws.2021.310,article
10.2166/ws.2021.381,article
10.2166/ws.2021.448,article
10.2166/ws.2021.379,article
10.2166/ws.2021.434,article
10.2166/ws.2021.298,article
10.2166/ws.2021.293,article
10.2166/ws.2021.369,article
10.2166/ws.2021.431,article
10.2166/ws.2021.292,article
10.2166/ws.2021.375,article
10.2166/ws.2022.010,article
10.2166/ws.2021.390,article
10.2166/ws.2021.392,article
10.2166/ws.2021.395,article
10.2166/ws.2021.412,article
10.2166/ws.2021.416,article
10.2166/ws.2022.012,article
10.2166/ws.2021.424,article
10.2166/ws.2022.005,article
10.2166/ws.2021.408,article
10.2166/ws.2021.425,article
10.2166/ws.2021.414,article
10.2166/ws.2021.385,article
10.2166/ws.2021.389,article
10.2166/ws.2021.402,article
10.2166/ws.2022.008,article
10.2166/ws.2021.403,article
10.2166/ws.2021.386,article
10.2166/ws.2022.014,article
10.2166/ws.2021.401,article
10.2166/ws.2021.427,article
10.2166/ws.2021.426,article
10.2166/ws.2022.022,article
10.2166/ws.2021.393,article
10.2166/ws.2021.400,article
10.2166/ws.2021.421,article
10.2166/ws.2021.388,article
10.2166/ws.2021.420,article
10.2166/ws.2021.423,article
10.2166/ws.2021.407,article
10.2166/ws.2021.398,article
10.2166/ws.2021.418,article
10.2166/ws.2021.417,article
10.2166/ws.2021.422,article
10.2166/ws.2022.002,article
10.2166/ws.2022.004,article
10.2166/ws.2021.404,article
10.2166/ws.2021.413,article
10.2166/ws.2021.406,article
10.2166/ws.2021.383,article
10.2166/ws.2021.409,article
10.2166/ws.2021.384,article
10.2166/ws.2021.399,article
10.2166/ws.2022.003,article
10.2166/ws.2021.429,article
10.2166/ws.2022.011,article
10.2166/ws.2021.394,article
10.2166/ws.2021.411,article
10.2166/ws.2021.405,article
10.2166/ws.2021.415,article
10.2166/ws.2022.019,article
10.2166/ws.2022.038,article
10.2166/ws.2022.113,article
10.2166/ws.2022.026,article
10.2166/ws.2022.127,article
10.2166/ws.2022.043,article
10.2166/ws.2022.039,article
10.2166/ws.2022.123,article
10.2166/ws.2022.024,article
10.2166/ws.2022.031,article
10.2166/ws.2022.030,article
10.2166/ws.2022.029,article
10.2166/ws.2022.118,article
10.2166/ws.2022.115,article
10.2166/ws.2022.037,article
10.2166/ws.2022.034,article
10.2166/ws.2022.025,article
10.2166/ws.2022.121,article
10.2166/ws.2022.035,article
10.2166/ws.2022.108,article
10.2166/ws.2022.120,article
10.2166/ws.2022.015,article
10.2166/ws.2022.054,article
10.2166/ws.2022.109,article
10.2166/ws.2022.023,article
10.2166/ws.2022.027,article
10.2166/ws.2022.049,article
10.2166/ws.2022.052,article
10.2166/ws.2022.016,article
10.2166/ws.2022.046,article
10.2166/ws.2022.032,article
10.2166/ws.2022.135,article
10.2166/ws.2022.111,article
10.2166/ws.2022.116,article
10.2166/ws.2022.033,article
10.2166/ws.2022.128,article
10.2166/ws.2022.044,article
10.2166/ws.2022.050,article
10.2166/ws.2022.117,article
10.2166/ws.2022.040,article
10.2166/ws.2022.110,article
10.2166/ws.2022.119,article
10.2166/ws.2022.134,article
10.2166/ws.2022.053,article
10.2166/ws.2022.055,article
10.2166/ws.2022.042,article
10.2166/ws.2022.036,article
10.2166/ws.2022.047,article
10.2166/ws.2022.114,article
10.2166/ws.2022.122,article
10.2166/ws.2022.152,article
10.2166/ws.2022.126,article
10.2166/ws.2022.189,article
10.2166/ws.2022.157,article
10.2166/ws.2022.169,article
10.2166/ws.2022.154,article
10.2166/ws.2022.142,article
10.2166/ws.2022.224,article
10.2166/ws.2022.193,article
10.2166/ws.2022.129,article
10.2166/ws.2022.172,article
10.2166/ws.2022.190,article
10.2166/ws.2022.158,article
10.2166/ws.2022.228,article
10.2166/ws.2022.130,article
10.2166/ws.2022.183,article
10.2166/ws.2022.197,article
10.2166/ws.2022.132,article
10.2166/ws.2022.173,article
10.2166/ws.2022.186,article
10.2166/ws.2022.180,article
10.2166/ws.2022.153,article
10.2166/ws.2022.181,article
10.2166/ws.2022.201,article
10.2166/ws.2022.138,article
10.2166/ws.2022.156,article
10.2166/ws.2022.198,article
10.2166/ws.2022.125,article
10.2166/ws.2022.146,article
10.2166/ws.2022.176,article
10.2166/ws.2022.178,article
10.2166/ws.2022.191,article
10.2166/ws.2022.149,article
10.2166/ws.2022.141,article
10.2166/ws.2022.168,article
10.2166/ws.2022.150,article
10.2166/ws.2022.139,article
10.2166/ws.2022.182,article
10.2166/ws.2022.213,article
10.2166/ws.2022.151,article
10.2166/ws.2022.162,article
10.2166/ws.2022.210,article
10.2166/ws.2022.148,article
10.2166/ws.2022.195,article
10.2166/ws.2022.112,article
10.2166/ws.2022.184,article
10.2166/ws.2022.171,article
10.2166/ws.2022.137,article
10.2166/ws.2022.163,article
10.2166/ws.2022.159,article
10.2166/ws.2022.245,article
10.2166/ws.2022.250,article
10.2166/ws.2022.185,article
10.2166/ws.2022.255,article
10.2166/ws.2022.230,article
10.2166/ws.2022.238,article
10.2166/ws.2022.206,article
10.2166/ws.2022.200,article
10.2166/ws.2022.248,article
10.2166/ws.2022.227,article
10.2166/ws.2022.203,article
10.2166/ws.2022.269,article
10.2166/ws.2022.144,article
10.2166/ws.2022.242,article
10.2166/ws.2022.264,article
10.2166/ws.2022.288,article
10.2166/ws.2022.216,article
10.2166/ws.2022.194,article
10.2166/ws.2022.272,article
10.2166/ws.2022.233,article
10.2166/ws.2022.218,article
10.2166/ws.2022.286,article
10.2166/ws.2022.155,article
10.2166/ws.2022.205,article
10.2166/ws.2022.232,article
10.2166/ws.2022.256,article
10.2166/ws.2022.209,article
10.2166/ws.2022.221,article
10.2166/ws.2022.217,article
10.2166/ws.2022.241,article
10.2166/ws.2022.192,article
10.2166/ws.2022.207,article
10.2166/ws.2022.249,article
10.2166/ws.2022.282,article
10.2166/ws.2022.234,article
10.2166/ws.2022.240,article
10.2166/ws.2022.235,article
10.2166/ws.2022.244,article
10.2166/ws.2022.289,article
10.2166/ws.2022.220,article
10.2166/ws.2022.287,article
10.2166/ws.2022.215,article
10.2166/ws.2022.258,article
10.2166/ws.2022.278,article
10.2166/ws.2022.260,article
10.2166/ws.2022.208,article
10.2166/ws.2022.231,article
10.2166/ws.2022.247,article
10.2166/ws.2022.253,article
10.2166/ws.2022.277,article
10.2166/ws.2022.276,article
10.2166/ws.2022.295,article
10.2166/ws.2022.317,article
10.2166/ws.2022.283,article
10.2166/ws.2022.263,article
10.2166/ws.2022.323,article
10.2166/ws.2022.291,article
10.2166/ws.2022.297,review
10.2166/ws.2022.262,article
10.2166/ws.2022.296,article
10.2166/ws.2022.302,article
10.2166/ws.2022.329,article
10.2166/ws.2022.319,article
10.2166/ws.2022.347,article
10.2166/ws.2022.298,article
10.2166/ws.2022.301,article
10.2166/ws.2022.306,article
10.2166/ws.2022.322,article
10.2166/ws.2022.261,article
10.2166/ws.2022.318,article
10.2166/ws.2022.243,article
10.2166/ws.2022.280,article
10.2166/ws.2022.315,article
10.2166/ws.2022.327,article
10.2166/ws.2022.267,article
10.2166/ws.2022.274,article
10.2166/ws.2022.265,article
10.2166/ws.2022.305,article
10.2166/ws.2022.330,article
10.2166/ws.2022.340,article
10.2166/ws.2022.284,article
10.2166/ws.2022.270,article
10.2166/ws.2022.304,article
10.2166/ws.2022.308,article
10.2166/ws.2022.314,article
10.2166/ws.2022.320,article
10.2166/ws.2022.236,article
10.2166/ws.2022.275,article
10.2166/ws.2022.342,article
10.2166/ws.2022.299,article
10.2166/ws.2022.335,article
10.2166/ws.2022.313,article
10.2166/ws.2022.316,article
10.2166/ws.2022.324,article
10.2166/ws.2022.338,article
10.2166/ws.2022.343,article
10.2166/ws.2022.252,article
10.2166/ws.2022.266,article
10.2166/ws.2022.331,article
10.2166/ws.2022.344,article
10.2166/ws.2022.354,article
10.2166/ws.2022.377,article
10.2166/ws.2022.337,article
10.2166/ws.2022.303,article
10.2166/ws.2022.379,article
10.2166/ws.2022.395,article
10.2166/ws.2022.384,article
10.2166/ws.2022.333,article
10.2166/ws.2022.237,article
10.2166/ws.2022.388,article
10.2166/ws.2022.382,article
10.2166/ws.2022.401,article
10.2166/ws.2022.369,article
10.2166/ws.2022.328,article
10.2166/ws.2022.310,article
10.2166/ws.2022.367,article
10.2166/ws.2022.359,article
10.2166/ws.2022.361,article
10.2166/ws.2022.360,article
10.2166/ws.2022.365,article
10.2166/ws.2022.309,article
10.2166/ws.2022.364,article
10.2166/ws.2022.307,article
10.2166/ws.2022.321,article
10.2166/ws.2022.397,article
10.2166/ws.2022.312,article
10.2166/ws.2022.378,article
10.2166/ws.2022.345,article
10.2166/ws.2022.402,article
10.2166/ws.2022.348,article
10.2166/ws.2022.352,article
10.2166/ws.2022.368,article
10.2166/ws.2022.385,article
10.2166/ws.2022.326,article
10.2166/ws.2022.405,article
10.2166/ws.2022.376,article
10.2166/ws.2022.400,article
10.2166/ws.2022.341,article
10.2166/ws.2022.370,article
10.2166/ws.2022.387,article
10.2166/ws.2022.366,article
10.2166/ws.2022.371,article
10.2166/ws.2022.363,article
10.2166/ws.2022.424,article
10.2166/ws.2022.353,article
10.2166/ws.2022.396,article
10.2166/ws.2022.334,article
10.2166/ws.2022.356,article
10.2166/ws.2022.375,article
10.2166/ws.2022.380,article
10.2166/ws.2022.408,article
10.2166/ws.2022.421,article
10.2166/ws.2022.418,article
10.2166/ws.2023.016,article
10.2166/ws.2022.389,article
10.2166/ws.2022.392,article
10.2166/ws.2023.001,article
10.2166/ws.2022.430,article
10.2166/ws.2023.020,article
10.2166/ws.2022.435,article
10.2166/ws.2023.025,article
10.2166/ws.2022.412,article
10.2166/ws.2022.415,article
10.2166/ws.2023.029,article
10.2166/ws.2022.373,article
10.2166/ws.2022.413,article
10.2166/ws.2022.409,article
10.2166/ws.2022.439,article
10.2166/ws.2022.374,article
10.2166/ws.2023.010,article
10.2166/ws.2023.017,article
10.2166/ws.2022.428,article
10.2166/ws.2023.032,article
10.2166/ws.2022.441,article
10.2166/ws.2022.429,article
10.2166/ws.2022.425,article
10.2166/ws.2022.427,article
10.2166/ws.2022.346,article
10.2166/ws.2022.390,article
10.2166/ws.2023.014,article
10.2166/ws.2023.018,article
10.2166/ws.2022.383,article
10.2166/ws.2023.015,article
10.2166/ws.2022.381,article
10.2166/ws.2023.003,article
10.2166/ws.2023.019,article
10.2166/ws.2022.407,article
10.2166/ws.2022.431,article
10.2166/ws.2023.027,article
10.2166/ws.2022.414,article
10.2166/ws.2022.433,article
10.2166/ws.2023.006,article
10.2166/ws.2022.403,article
10.2166/ws.2022.419,article
10.2166/ws.2022.411,article
10.2166/ws.2022.438,article
10.2166/ws.2022.442,article
10.2166/ws.2023.007,article
10.2166/ws.2022.406,article
10.2166/ws.2022.420,article
10.2166/ws.2023.051,article
10.2166/ws.2023.033,article
10.2166/ws.2023.068,article
10.2166/ws.2023.086,article
10.2166/ws.2023.065,article
10.2166/ws.2023.011,article
10.2166/ws.2023.039,article
10.2166/ws.2023.048,article
10.2166/ws.2023.057,article
10.2166/ws.2023.084,article
10.2166/ws.2023.046,article
10.2166/ws.2023.072,article
10.2166/ws.2023.022,article
10.2166/ws.2023.056,article
10.2166/ws.2023.038,article
10.2166/ws.2023.061,article
10.2166/ws.2023.055,article
10.2166/ws.2023.074,article
10.2166/ws.2023.047,article
10.2166/ws.2023.076,review
10.2166/ws.2023.092,article
10.2166/ws.2023.028,article
10.2166/ws.2023.078,article
10.2166/ws.2023.087,article
10.2166/ws.2023.067,article
10.2166/ws.2023.088,article
10.2166/ws.2023.063,article
10.2166/ws.2023.117,article
10.2166/ws.2023.058,article
10.2166/ws.2023.112,article
10.2166/ws.2023.042,article
10.2166/ws.2023.069,article
10.2166/ws.2023.095,article
10.2166/ws.2023.043,article
10.2166/ws.2023.070,article
10.2166/ws.2023.077,article
10.2166/ws.2023.036,article
10.2166/ws.2023.085,article
10.2166/ws.2023.031,article
10.2166/ws.2023.044,article
10.2166/ws.2023.066,article
10.2166/ws.2023.049,article
10.2166/ws.2023.073,article
10.2166/ws.2023.030,article
10.2166/ws.2023.062,article
10.2166/ws.2023.110,article
10.2166/ws.2023.098,article
10.2166/ws.2023.023,article
10.2166/ws.2023.045,article
10.2166/ws.2023.059,article
10.2166/ws.2023.116,article
10.2166/ws.2023.135,article
10.2166/ws.2023.134,article
10.2166/ws.2023.132,article
10.2166/ws.2023.120,article
10.2166/ws.2023.133,article
10.2166/ws.2023.121,article
10.2166/ws.2023.163,article
10.2166/ws.2023.165,article
10.2166/ws.2023.150,article
10.2166/ws.2023.114,article
10.2166/ws.2023.155,article
10.2166/ws.2023.146,article
10.2166/ws.2023.140,article
10.2166/ws.2023.131,article
10.2166/ws.2023.137,article
10.2166/ws.2023.168,article
10.2166/ws.2023.097,article
10.2166/ws.2023.143,article
10.2166/ws.2023.094,article
10.2166/ws.2023.154,article
10.2166/ws.2023.124,article
10.2166/ws.2023.138,article
10.2166/ws.2023.108,article
10.2166/ws.2023.109,article
10.2166/ws.2023.105,article
10.2166/ws.2023.159,article
10.2166/ws.2023.171,article
10.2166/ws.2023.100,article
10.2166/ws.2023.107,article
10.2166/ws.2023.096,article
10.2166/ws.2023.101,article
10.2166/ws.2023.128,article
10.2166/ws.2023.115,article
10.2166/ws.2023.160,article
10.2166/ws.2023.091,article
10.2166/ws.2023.139,article
10.2166/ws.2023.099,article
10.2166/ws.2023.141,article
10.2166/ws.2023.145,article
10.2166/ws.2023.142,article
10.2166/ws.2023.060,article
10.2166/ws.2023.127,article
10.2166/ws.2023.147,article
10.2166/ws.2023.106,article
10.2166/ws.2023.149,article
10.2166/ws.2023.103,article
10.2166/ws.2023.148,article
10.2166/ws.2023.104,article
10.2166/ws.2023.167,article
10.2166/ws.2023.174,article
10.2166/ws.2023.200,article
10.2166/ws.2023.219,article
10.2166/ws.2023.183,article
10.2166/ws.2023.204,article
10.2166/ws.2023.182,article
10.2166/ws.2023.180,article
10.2166/ws.2023.175,article
10.2166/ws.2023.197,article
10.2166/ws.2023.189,article
10.2166/ws.2023.169,article
10.2166/ws.2023.170,article
10.2166/ws.2023.177,article
10.2166/ws.2023.232,article
10.2166/ws.2023.216,article
10.2166/ws.2023.231,article
10.2166/ws.2023.192,article
10.2166/ws.2023.185,article
10.2166/ws.2023.222,article
10.2166/ws.2023.186,article
10.2166/ws.2023.178,article
10.2166/ws.2023.188,article
10.2166/ws.2023.194,article
10.2166/ws.2023.122,article
10.2166/ws.2023.156,article
10.2166/ws.2023.203,article
10.2166/ws.2023.208,article
10.2166/ws.2023.173,article
10.2166/ws.2023.158,article
10.2166/ws.2023.205,article
10.2166/ws.2023.217,article
10.2166/ws.2023.193,article
10.2166/ws.2023.187,article
10.2166/ws.2023.218,article
10.2166/ws.2023.195,article
10.2166/ws.2023.202,article
10.2166/ws.2023.206,article
10.2166/ws.2023.198,article
10.2166/ws.2023.144,article
10.2166/ws.2023.179,article
10.2166/ws.2023.211,article
10.2166/ws.2023.227,article
10.2166/ws.2023.237,article
10.2166/ws.2023.241,article
10.2166/ws.2023.151,article
10.2166/ws.2023.172,article
10.2166/ws.2023.181,article
10.2166/ws.2023.214,article
10.2166/ws.2023.196,article
10.2166/ws.2023.221,article
10.2166/ws.2023.247,article
10.2166/ws.2023.240,review
10.2166/ws.2023.283,article
10.2166/ws.2023.269,article
10.2166/ws.2023.298,article
10.2166/ws.2023.274,article
10.2166/ws.2023.257,article
10.2166/ws.2023.281,article
10.2166/ws.2023.224,article
10.2166/ws.2023.279,article
10.2166/ws.2023.300,article
10.2166/ws.2023.239,article
10.2166/ws.2023.310,article
10.2166/ws.2023.209,article
10.2166/ws.2023.248,article
10.2166/ws.2023.284,article
10.2166/ws.2023.297,article
10.2166/ws.2023.264,article
10.2166/ws.2023.285,article
10.2166/ws.2023.201,article
10.2166/ws.2023.299,article
10.2166/ws.2023.268,article
10.2166/ws.2023.277,article
10.2166/ws.2023.228,article
10.2166/ws.2023.234,article
10.2166/ws.2023.321,article
10.2166/ws.2023.210,article
10.2166/ws.2023.238,article
10.2166/ws.2023.286,article
10.2166/ws.2023.251,article
10.2166/ws.2023.235,article
10.2166/ws.2023.262,article
10.2166/ws.2023.263,article
10.2166/ws.2023.236,article
10.2166/ws.2023.243,article
10.2166/ws.2023.260,article
10.2166/ws.2023.270,article
10.2166/ws.2023.291,article
10.2166/ws.2023.223,article
10.2166/ws.2023.259,article
10.2166/ws.2023.276,article
10.2166/ws.2023.280,article
10.2166/ws.2023.249,article
10.2166/ws.2023.246,article
10.2166/ws.2023.253,article
10.2166/ws.2023.267,article
10.2166/ws.2023.273,article
10.2166/ws.2023.278,article
10.2166/ws.2023.261,article
10.2166/ws.2023.292,article
10.2166/ws.2024.008,article
10.2166/ws.2023.323,article
10.2166/ws.2023.306,article
10.2166/ws.2023.337,article
10.2166/ws.2023.290,article
10.2166/ws.2023.332,article
10.2166/ws.2024.010,article
10.2166/ws.2023.304,article
10.2166/ws.2023.308,article
10.2166/ws.2023.318,article
10.2166/ws.2024.012,article
10.2166/ws.2023.309,article
10.2166/ws.2023.316,article
10.2166/ws.2024.014,article
10.2166/ws.2024.021,article
10.2166/ws.2024.018,article
10.2166/ws.2024.040,article
10.2166/ws.2024.011,article
10.2166/ws.2024.016,article
10.2166/ws.2024.028,article
10.2166/ws.2023.333,article
10.2166/ws.2023.338,article
10.2166/ws.2024.001,article
10.2166/ws.2024.004,article
10.2166/ws.2023.336,article
10.2166/ws.2024.006,article
10.2166/ws.2023.313,article
10.2166/ws.2023.329,article
10.2166/ws.2023.334,article
10.2166/ws.2023.340,article
10.2166/ws.2023.302,article
10.2166/ws.2023.307,article
10.2166/ws.2023.331,article
10.2166/ws.2024.005,article
10.2166/ws.2024.026,article
10.2166/ws.2023.339,article
10.2166/ws.2023.293,article
10.2166/ws.2023.296,article
10.2166/ws.2023.330,article
10.2166/ws.2023.301,article
10.2166/ws.2023.317,article
10.2166/ws.2023.319,article
10.2166/ws.2023.327,article
10.2166/ws.2023.320,article
10.2166/ws.2023.315,article
10.2166/ws.2023.325,article
10.2166/ws.2023.303,article
10.2166/ws.2023.305,article
10.2166/ws.2023.326,article
10.2166/ws.2024.024,article
10.2166/ws.2024.023,article
10.2166/ws.2024.062,article
10.2166/ws.2024.107,article
10.2166/ws.2024.050,article
10.2166/ws.2024.071,article
10.2166/ws.2024.075,article
10.2166/ws.2024.084,article
10.2166/ws.2024.096,article
10.2166/ws.2024.033,article
10.2166/ws.2024.038,article
10.2166/ws.2024.046,article
10.2166/ws.2024.065,article
10.2166/ws.2024.130,article
10.2166/ws.2024.015,article
10.2166/ws.2024.049,article
10.2166/ws.2024.059,article
10.2166/ws.2024.120,article
10.2166/ws.2024.048,article
10.2166/ws.2024.090,article
10.2166/ws.2024.063,article
10.2166/ws.2024.098,article
10.2166/ws.2024.064,article
10.2166/ws.2024.036,article
10.2166/ws.2024.045,article
10.2166/ws.2024.043,article
10.2166/ws.2024.052,article
10.2166/ws.2024.025,article
10.2166/ws.2024.066,article
10.2166/ws.2024.073,article
10.2166/ws.2024.078,article
10.2166/ws.2024.091,article
10.2166/ws.2024.094,article
10.2166/ws.2024.056,article
10.2166/ws.2024.072,article
10.2166/ws.2024.079,article
10.2166/ws.2024.109,article
10.2166/ws.2024.083,article
10.2166/ws.2024.047,article
10.2166/ws.2024.042,article
10.2166/ws.2024.070,article
10.2166/ws.2024.077,article
10.2166/ws.2024.081,article
10.2166/ws.2024.093,article
10.2166/ws.2024.111,article
10.2166/ws.2024.051,article
10.2166/ws.2024.076,article
10.2166/ws.2024.074,article
10.2166/ws.2024.086,article
10.2166/ws.2024.095,article
10.2166/ws.2024.101,article
10.2166/ws.2024.184,article
10.2166/ws.2024.170,article
10.2166/ws.2024.154,article
10.2166/ws.2024.201,article
10.2166/ws.2024.196,article
10.2166/ws.2024.195,article
10.2166/ws.2024.137,article
10.2166/ws.2024.160,article
10.2166/ws.2024.147,article
10.2166/ws.2024.173,article
10.2166/ws.2024.181,article
10.2166/ws.2024.178,article
10.2166/ws.2024.175,article
10.2166/ws.2024.176,article
10.2166/ws.2024.182,article
10.2166/ws.2024.115,article
10.2166/ws.2024.144,article
10.2166/ws.2024.135,article
10.2166/ws.2024.133,article
10.2166/ws.2024.141,article
10.2166/ws.2024.171,article
10.2166/ws.2024.185,article
10.2166/ws.2024.134,article
10.2166/ws.2024.132,article
10.2166/ws.2024.186,article
10.2166/ws.2024.198,article
10.2166/ws.2024.153,article
10.2166/ws.2024.156,article
10.2166/ws.2024.164,article
10.2166/ws.2024.203,article
10.2166/ws.2024.139,article
10.2166/ws.2024.148,article
10.2166/ws.2024.159,article
10.2166/ws.2024.163,article
10.2166/ws.2024.190,article
10.2166/ws.2024.117,article
10.2166/ws.2024.116,article
10.2166/ws.2024.138,article
10.2166/ws.2024.166,article
10.2166/ws.2024.158,article
10.2166/ws.2024.161,article
10.2166/ws.2024.179,article
10.2166/ws.2024.165,article
10.2166/ws.2024.128,article
10.2166/ws.2024.143,article
10.2166/ws.2024.140,article
10.2166/ws.2024.155,article
10.2166/ws.2024.180,article
10.2166/ws.2024.187,article
10.2166/ws.2024.197,article
10.2166/ws.2024.189,article
10.2166/ws.2024.213,article
10.2166/ws.2024.226,article
10.2166/ws.2024.245,article
10.2166/ws.2024.215,article
10.2166/ws.2024.244,article
10.2166/ws.2024.261,article
10.2166/ws.2024.222,article
10.2166/ws.2024.209,article
10.2166/ws.2024.217,article
10.2166/ws.2024.205,article
10.2166/ws.2024.216,article
10.2166/ws.2024.235,article
10.2166/ws.2024.249,article
10.2166/ws.2024.229,article
10.2166/ws.2024.250,article
10.2166/ws.2025.001,article
10.2166/ws.2024.206,article
10.2166/ws.2024.220,article
10.2166/ws.2024.251,article
10.2166/ws.2024.200,article
10.2166/ws.2024.208,article
10.2166/ws.2024.207,article
10.2166/ws.2024.263,article
10.2166/ws.2024.082,article
10.2166/ws.2024.202,article
10.2166/ws.2024.218,article
10.2166/ws.2024.236,article
10.2166/ws.2024.255,article
10.2166/ws.2025.004,article
10.2166/ws.2024.223,article
10.2166/ws.2024.242,article
10.2166/ws.2024.257,article
10.2166/ws.2024.262,article
10.2166/ws.2024.211,article
10.2166/ws.2024.224,article
10.2166/ws.2024.228,article
10.2166/ws.2024.231,article
10.2166/ws.2024.239,article
10.2166/ws.2024.214,article
10.2166/ws.2024.219,article
10.2166/ws.2024.227,article
10.2166/ws.2024.237,article
10.2166/ws.2024.238,article
10.2166/ws.2024.241,article
10.2166/ws.2024.243,article
10.2166/ws.2024.252,article
10.2166/ws.2024.254,article
10.2166/ws.2024.253,article
10.2166/ws.2024.268,article
10.2166/ws.2025.027,article
10.2166/ws.2025.009,article
10.2166/ws.2025.023,article
10.2166/ws.2025.003,article
10.2166/ws.2025.072,article
10.2166/ws.2025.021,article
10.2166/ws.2025.030,article
10.2166/ws.2025.015,article
10.2166/ws.2025.076,article
10.2166/ws.2025.010,article
10.2166/ws.2025.043,article
10.2166/ws.2025.049,article
10.2166/ws.2025.008,article
10.2166/ws.2025.006,article
10.2166/ws.2025.047,article
10.2166/ws.2025.041,article
10.2166/ws.2025.020,article
10.2166/ws.2025.026,article
10.2166/ws.2025.036,article
10.2166/ws.2025.005,article
10.2166/ws.2025.039,article
10.2166/ws.2025.062,article
10.2166/ws.2025.054,article
10.2166/ws.2025.064,article
10.2166/ws.2025.065,article
10.2166/ws.2025.077,article
10.2166/ws.2025.079,article
10.2166/ws.2025.017,article
10.2166/ws.2025.018,article
10.2166/ws.2025.022,article
10.2166/ws.2025.029,article
10.2166/ws.2025.033,article
10.2166/ws.2025.044,article
10.2166/ws.2025.061,article
10.2166/ws.2024.256,article
10.2166/ws.2024.260,article
10.2166/ws.2025.002,article
10.2166/ws.2025.034,article
10.2166/ws.2025.035,article
10.2166/ws.2025.037,article
10.2166/ws.2025.050,article
10.2166/ws.2025.051,article
10.2166/ws.2025.056,article
10.2166/ws.2025.058,article
10.2166/ws.2025.060,article
10.2166/ws.2025.063,article
10.2166/ws.2025.067,article
10.2166/ws.2025.069,article
10.2166/ws.2025.070,article
10.2166/ws.2025.075,article
10.2166/ws.2025.081,article
10.2166/ws.2025.080,article
10.2166/ws.2025.085,article
10.2166/ws.2025.093,article
10.2166/ws.2025.087,article
10.2166/ws.2025.078,article
10.2166/ws.2025.083,article
10.2166/ws.2025.092,article
10.2166/ws.2025.091,article
10.2166/ws.2025.094,article
10.2166/ws.2025.096,article
10.2166/ws.2026.128,article
10.2166/ws.2025.084,article
10.2166/ws.2025.088,article
10.2166/ws.2025.103,article
10.2166/ws.2025.104,article
10.2166/ws.2025.106,article
10.2166/ws.2026.108,article
10.2166/ws.2026.110,article
10.2166/ws.2026.112,article
10.2166/ws.2026.127,article
10.2166/ws.2026.132,article
10.2166/ws.2026.136,article
10.2166/ws.2026.145,article
10.2166/ws.2026.165,article
