directory,file_name,variable_name,variable_type,description
data,washdev.rda,paperid,integer,ID number of the paper on the journal website
data,washdev.rda,volume,integer,Volume number of the journal
data,washdev.rda,issue,integer,Issue number of the journal
data,washdev.rda,paper_url,character,Official website url of the paper
data,washdev.rda,journal,character,Full name of the journal
data,washdev.rda,title,character,Title of the paper
data,washdev.rda,published_year,integer,Year of publication
data,washdev.rda,is_supp,logical,Whether the paper has supplementary materials
data,washdev.rda,num_supp,integer,Number of supplementary material files
data,washdev.rda,supp_file_type,character,File types of the supplementary materials separated by a semicolon when there are multiple
data,washdev.rda,supp_url,character,Website urls of the supplementary materials separated by a semicolon when there are multiple
data,washdev.rda,num_authors,integer,Number of the authors
data,washdev.rda,first_author_name,character,Name of the first author
data,washdev.rda,first_author_affiliation,character,Academic affiliation of the first author
data,washdev.rda,first_author_affiliation_country,character,Country of the first author parsed from first_author_affiliation variable encoded with United Nations names
data,washdev.rda,first_author_orcid,character,ORCID of the first author
data,washdev.rda,correspondence_author_name,character,Name of the correspondence author
data,washdev.rda,correspondence_author_affiliation,character,Academic affiliation of the correspondence author
data,washdev.rda,correspondence_author_affiliation_country,character,Country of the correspondence author parsed from correspondence_author_affiliation variable encoded with United Nations names
data,washdev.rda,correspondence_author_orcid,character,ORCID of the correspondence author
data,washdev.rda,has_das,logical,Whether the paper has a data availability statement
data,washdev.rda,das,character,Original data availability statement of the paper.  NA if it does not have a data availability statement.
data,washdev.rda,das_type,factor,"Type of the data availability statement including ""in paper""(data in full paper scope like supplementary material or appendix or main content) ""on request""(data available on request to the authors) ""available in online repository""(data is shared in a public online repository) ""not shareable""(data is not shareable). NA if it does not have a data availability statement."
data,washdev.rda,das_repo_url,character,Website urls of the data if the relevant data of the paper is shared on a public repository separated by a semicolon when there are multiple
data,washdev.rda,keywords,character,Keywords of the paper separated by a semicolon
data,washdev.rda,url_source,character,Publisher website of the paper
data,washdev.rda,doi,character,DOI of the paper. Collected by the R scraper for recent articles and backfilled via Crossref for legacy rows (issue #20); NA where no Crossref match was found (see data-raw/washdev-doi-review.csv)
data,uncnewsletter.rda,paperid,integer,ID number of the paper on the journal website
data,uncnewsletter.rda,issue_url,character,URL of the newsletter issue that featured the paper
data,uncnewsletter.rda,paper_url,character,Official website url of the paper
data,uncnewsletter.rda,url_source,character,Publisher website of the paper
data,uncnewsletter.rda,journal,character,Full name of the journal
data,uncnewsletter.rda,title,character,Title of the paper
data,uncnewsletter.rda,published_year,integer,Year of publication
data,uncnewsletter.rda,is_supp,logical,Whether the paper has supplementary materials
data,uncnewsletter.rda,num_supp,integer,Number of supplementary material files
data,uncnewsletter.rda,supp_file_type,character,File types of the supplementary materials separated by a semicolon when there are multiple
data,uncnewsletter.rda,supp_url,character,Website urls of the supplementary materials separated by a semicolon when there are multiple
data,uncnewsletter.rda,num_authors,integer,Number of the authors
data,uncnewsletter.rda,first_author_name,character,Name of the first author
data,uncnewsletter.rda,first_author_affiliation,character,Academic affiliation of the first author
data,uncnewsletter.rda,first_author_affiliation_country,character,Country of the first author directly parsed from first_author_affiliation variable encoded with United Nation names
data,uncnewsletter.rda,first_author_orcid,character,ORCID of the first author
data,uncnewsletter.rda,correspondence_author_name,character,Name of the correspondence author
data,uncnewsletter.rda,correspondence_author_affiliation,character,Academic affiliation of the correspondence author
data,uncnewsletter.rda,correspondence_author_affiliation_country,character,Country or region of the correspondence author directly parsed from correspondence_author_affiliation variable encoded with United Nation names
data,uncnewsletter.rda,correspondence_author_orcid,character,ORCID of the correspondence author
data,uncnewsletter.rda,has_das,logical,Whether the paper has a data availability statement
data,uncnewsletter.rda,das,character,Original data availability statement of the paper. NA if it does not have a data availability statement.
data,uncnewsletter.rda,das_type,factor,"Type of the data availability statement including ""in paper""(data in full paper scope like supplementary material or appendix or main content) ""on request""(data available on request to the authors) ""available in online repository""(data is shared in a public online repository) ""not shareable""(data is not shareable). NA if it does not have a data availability statement."
data,uncnewsletter.rda,das_repo_url,character,Website urls of the data if the relevant data of the paper is shared on a public repository separated by a semicolon when there are multiple
data,uncnewsletter.rda,keywords,character,Keywords of the paper separated by a semicolon
data,uncnewsletter.rda,doi,character,DOI of the paper backfilled via a Crossref title search (issue #20); NA where no match cleared the title-similarity threshold (see data-raw/uncnewsletter-doi-review.csv)
data,ploswater.rda,paperid,character,DOI of the paper; identical to the doi variable
data,ploswater.rda,volume,integer,Volume number of the journal; volume 1 is 2022
data,ploswater.rda,issue,integer,Issue number of the journal
data,ploswater.rda,paper_url,character,Official website url of the paper
data,ploswater.rda,journal,character,Full name of the journal
data,ploswater.rda,title,character,Title of the paper
data,ploswater.rda,published_year,integer,Year of publication
data,ploswater.rda,is_supp,logical,Whether the paper has supplementary materials
data,ploswater.rda,num_supp,integer,Number of supplementary material files
data,ploswater.rda,supp_file_type,character,File types of the supplementary materials separated by a semicolon when there are multiple
data,ploswater.rda,supp_url,character,Website urls of the supplementary materials separated by a semicolon when there are multiple. Stable download endpoints that do not expire
data,ploswater.rda,num_authors,integer,Number of the authors
data,ploswater.rda,first_author_name,character,Name of the first author
data,ploswater.rda,first_author_affiliation,character,Academic affiliation of the first author
data,ploswater.rda,first_author_affiliation_country,character,Country of the first author parsed from first_author_affiliation encoded with United Nations names
data,ploswater.rda,first_author_orcid,character,ORCID of the first author
data,ploswater.rda,correspondence_author_name,character,Name of the correspondence author
data,ploswater.rda,correspondence_author_affiliation,character,Academic affiliation of the correspondence author
data,ploswater.rda,correspondence_author_affiliation_country,character,Country of the correspondence author parsed from correspondence_author_affiliation encoded with United Nations names
data,ploswater.rda,correspondence_author_orcid,character,ORCID of the correspondence author
data,ploswater.rda,has_das,logical,Whether the paper has a data availability statement
data,ploswater.rda,das,character,Original data availability statement of the paper. NA if it does not have a data availability statement
data,ploswater.rda,das_type,factor,"Type of the data availability statement including ""available in online repository""(data is shared in a public online repository) ""in paper""(data in full paper scope like supplementary material or appendix or main content) ""on request""(data available on request to the authors) ""not shareable""(data is not shareable) ""no data generated""(the study produced no datasets). NA if it does not have a data availability statement or no classification rule matched"
data,ploswater.rda,das_repo_url,character,Website urls and dataset DOIs mentioned in the data availability statement separated by a semicolon when there are multiple
data,ploswater.rda,das_repo_name,character,Recognized data repositories behind das_repo_url (e.g. zenodo dryad figshare osf github dataverse) separated by a semicolon when there are multiple
data,ploswater.rda,keywords,character,Subject terms of the paper from the PLOS search API separated by a semicolon. PLOS Water articles carry no author keywords in their XML
data,ploswater.rda,url_source,character,Publisher website of the paper
data,ploswater.rda,doi,character,DOI of the paper
data,ploswater.rda,article_type,character,Article type e.g. Research Article or Opinion or Review
data,ploswater.rda,publication_date,date,Date of publication (ISO 8601)
data,datapapers.rda,paperid,integer,ID number of the paper within this dataset
data,datapapers.rda,doi,character,DOI of the data paper
data,datapapers.rda,paper_url,character,Official url of the paper (DOI resolver link)
data,datapapers.rda,url_source,character,Publisher website of the paper
data,datapapers.rda,journal,character,Full name of the journal
data,datapapers.rda,title,character,Title of the paper
data,datapapers.rda,published_year,integer,Year of publication
data,datapapers.rda,num_authors,integer,Number of the authors
data,datapapers.rda,first_author_name,character,Name of the first author
data,datapapers.rda,first_author_affiliation,character,Academic affiliation of the first author
data,datapapers.rda,first_author_affiliation_country,character,Country of the first author parsed from first_author_affiliation variable encoded with United Nations names
data,datapapers.rda,data_repo_url,character,Website urls of the repository holding the dataset the paper describes separated by a semicolon when there are multiple
data,datapapers.rda,data_repo,character,Name of the data repository (e.g. Zenodo Dryad Figshare OSF Dataverse) parsed from data_repo_url
data,datapapers.rda,license,character,License url of the paper from Crossref metadata
data,datapapers.rda,related_paper_doi,character,DOI of a linked research article if any separated by a semicolon when there are multiple
data,datapapers.rda,abstract,character,Abstract of the paper as provided by the metadata source
data,datapapers.rda,query_term,character,WASH search term(s) that retrieved the paper separated by a semicolon
data,datapapers.rda,retrieval_date,date,Date the paper metadata was harvested from the API
data,ws.rda,paperid,integer,ID number of the paper on the journal website
data,ws.rda,volume,integer,Volume number of the journal
data,ws.rda,issue,character,"Issue number of the journal, as text because combined issues (for example ""1-2"") occur"
data,ws.rda,paper_url,character,Official website url of the paper
data,ws.rda,journal,character,Full name of the journal
data,ws.rda,title,character,Title of the paper
data,ws.rda,published_year,numeric,Year of publication
data,ws.rda,is_supp,logical,Whether the paper has supplementary materials
data,ws.rda,num_supp,integer,Number of supplementary material files
data,ws.rda,supp_file_type,character,File types of the supplementary materials separated by a semicolon when there are multiple
data,ws.rda,supp_url,character,Website urls of the supplementary materials separated by a semicolon when there are multiple
data,ws.rda,num_authors,integer,Number of the authors
data,ws.rda,first_author_name,character,Name of the first author
data,ws.rda,first_author_affiliation,character,Academic affiliation of the first author
data,ws.rda,first_author_affiliation_country,character,Country of the first author parsed from first_author_affiliation variable encoded with United Nations names
data,ws.rda,first_author_orcid,character,ORCID of the first author
data,ws.rda,correspondence_author_name,character,Name of the correspondence author
data,ws.rda,correspondence_author_affiliation,character,Academic affiliation of the correspondence author
data,ws.rda,correspondence_author_affiliation_country,character,Country of the correspondence author parsed from correspondence_author_affiliation variable encoded with United Nations names
data,ws.rda,correspondence_author_orcid,character,ORCID of the correspondence author
data,ws.rda,has_das,logical,Whether the paper has a data availability statement
data,ws.rda,das,character,Original data availability statement of the paper.  NA if it does not have a data availability statement.
data,ws.rda,das_type,factor,"Type of the data availability statement including ""in paper""(data in full paper scope like supplementary material or appendix or main content) ""on request""(data available on request to the authors) ""available in online repository""(data is shared in a public online repository) ""not shareable""(data is not shareable). NA if it does not have a data availability statement."
data,ws.rda,das_repo_url,character,Website urls of the data if the relevant data of the paper is shared on a public repository separated by a semicolon when there are multiple
data,ws.rda,keywords,character,Keywords of the paper separated by a semicolon
data,ws.rda,doi,character,DOI of the paper. Collected by the R scraper; populated for every row
data,ws.rda,url_source,character,Publisher website of the paper
data,jwh.rda,paperid,integer,ID number of the paper on the journal website
data,jwh.rda,volume,integer,Volume number of the journal
data,jwh.rda,issue,character,"Issue number of the journal, as text because combined issues (for example ""1-2"") occur"
data,jwh.rda,paper_url,character,Official website url of the paper
data,jwh.rda,journal,character,Full name of the journal
data,jwh.rda,title,character,Title of the paper
data,jwh.rda,published_year,numeric,Year of publication
data,jwh.rda,is_supp,logical,Whether the paper has supplementary materials
data,jwh.rda,num_supp,integer,Number of supplementary material files
data,jwh.rda,supp_file_type,character,File types of the supplementary materials separated by a semicolon when there are multiple
data,jwh.rda,supp_url,character,Website urls of the supplementary materials separated by a semicolon when there are multiple
data,jwh.rda,num_authors,integer,Number of the authors
data,jwh.rda,first_author_name,character,Name of the first author
data,jwh.rda,first_author_affiliation,character,Academic affiliation of the first author
data,jwh.rda,first_author_affiliation_country,character,Country of the first author parsed from first_author_affiliation variable encoded with United Nations names
data,jwh.rda,first_author_orcid,character,ORCID of the first author
data,jwh.rda,correspondence_author_name,character,Name of the correspondence author
data,jwh.rda,correspondence_author_affiliation,character,Academic affiliation of the correspondence author
data,jwh.rda,correspondence_author_affiliation_country,character,Country of the correspondence author parsed from correspondence_author_affiliation variable encoded with United Nations names
data,jwh.rda,correspondence_author_orcid,character,ORCID of the correspondence author
data,jwh.rda,has_das,logical,Whether the paper has a data availability statement
data,jwh.rda,das,character,Original data availability statement of the paper.  NA if it does not have a data availability statement.
data,jwh.rda,das_type,factor,"Type of the data availability statement including ""in paper""(data in full paper scope like supplementary material or appendix or main content) ""on request""(data available on request to the authors) ""available in online repository""(data is shared in a public online repository) ""not shareable""(data is not shareable). NA if it does not have a data availability statement."
data,jwh.rda,das_repo_url,character,Website urls of the data if the relevant data of the paper is shared on a public repository separated by a semicolon when there are multiple
data,jwh.rda,keywords,character,Keywords of the paper separated by a semicolon
data,jwh.rda,doi,character,DOI of the paper. Collected by the R scraper; populated for every row
data,jwh.rda,url_source,character,Publisher website of the paper
