paperid,num_supp,supp_file_type
24,,pdf & xlsx & xlsx
84,,pdf & pdf & xlsx & zip & pdf
112,,xlsx & xlsx & xlsx & xlsx & xlsx & pdf
115,2,docx & zip
118,,pdf & pdf & pdf & pdf
129,,pdf & pdf & pdf & pdf & xlsx
131,,xlsx & xlsx & xlsx & xlsx & xlsx & xlsx & xlsx & xlsx & xlsx & xlsx & docx & docx
133,,docx & tif & tif & tif
136,,xlsx & xlsx & docx
140,,docx & xlsx & zip & zip & zip
141,,docx & docx & docx
142,,xlsx & xlsx & docx
146,2,pdf & docx
177,,xlsx & xlsx & docx
191,,xlsx & xlsx & docx
195,,xlsx & docx & docx
