paperid,first_author_affiliation_country,correspondence_author_affiliation_country
28744,India,IND
29809,Australia,AUS
29810,Nepal,NPL
30021,Brazil,BRA
30022,Norway,NOR
30072,Canada,CAN
30126,United States of America,USA
30281,Nigeria,NGA
30290,Fiji,FJI
30308,United States of America,USA
30315,Nepal,NPL
30322,India,IND
30323,New Zealand,NZL
30328,United Kingdom of Great Britain and Northern Ireland,GBR
30330,India,IND
30357,Australia,AUS
30431,India,IND
30432,Mexico,MEX
30438,United States of America,USA
38048,China,CHN
39014,South Africa,ZAF
39027,France,FRA
39028,India,IND
39031,,TZA
39033,United Republic of Tanzania,NLD
39034,Brazil,BRA
39035,Ethiopia,
39039,India,IND
39043,Netherlands,NLD
39044,United Kingdom of Great Britain and Northern Ireland,GBR
74015,,TWN
84262,Nigeria,NGA
93160,Democratic Republic of the Congo,COD
95562,Sri Lanka,LKA
