source_id,venue,decision,display_name,issn_l,issns,publisher,source_type,is_oa,is_in_doaj,apc_usd,works_count,homepage_url,n_diamond,n_closed,n_green,n_hybrid,n_bronze,n_gold
S2495644771,Journal of Water Sanitation and Hygiene for Development,whole_journal,Journal of Water Sanitation and Hygiene for Development,2043-9083,2043-9083;2408-9362,IWA Publishing,journal,TRUE,FALSE,NA,1192,https://iwaponline.com/washdev,691,357,54,52,34,1
S4210228842,Journal of Water Supply Research and Technology—AQUA,whole_journal,AQUA - Water Infrastructure Ecosystems and Society,0003-7214,0003-7214;1365-2087;1605-3974;1606-9935;2709-8028;2709-8036,UWA Publishing,journal,FALSE,FALSE,NA,1892,NA,0,1178,60,595,55,2
S26443501,Journal of Water and Health,whole_journal,Journal of Water and Health,1477-8920,1477-8920;1996-7829,UWA Publishing,journal,TRUE,TRUE,NA,2039,https://iwaponline.com/jwh,715,550,58,129,586,1
S124453322,Water Science & Technology Water Supply,whole_journal,Water Science & Technology Water Supply,1606-9749,1606-9749;1607-0798,IWA Publishing,journal,FALSE,FALSE,NA,4992,https://iwaponline.com/ws,0,2777,162,1794,253,3
S137656717,Water Practice & Technology,filtered_slice_conditional,Water Practice & Technology,1751-231X,1751-231X,UWA Publishing,journal,FALSE,FALSE,NA,2739,https://iwaponline.com/wpt,66,1420,54,1116,80,0
S2764879708,China Water & Wastewater,filtered_slice_conditional,China Water & Wastewater,NA,,North China Municipal Engineering Design & Research Institute,journal,FALSE,FALSE,NA,5579,NA,0,5577,0,0,0,0
S2764434589,Journal of Water Process Engineering,filtered_slice_conditional,Journal of Water Process Engineering,2214-7144,2214-7144,Elsevier BV,journal,FALSE,FALSE,3350,10725,https://www.journals.elsevier.com/journal-of-water-process-engineering,0,8949,413,1185,63,5
S4210201235,ACS ES&T Water,filtered_slice_conditional,ACS ES&T Water,2690-0637,2690-0637,American Chemical Society,journal,FALSE,FALSE,4500,2803,https://pubs.acs.org/journal/aewcaa,0,1997,142,568,83,4
S52566953,Water Research,filtered_slice_conditional,Water Research,0043-1354,0043-1354;1879-2448,Elsevier BV,journal,FALSE,FALSE,4660,31688,http://www.elsevier.com/wps/find/journaldescription.cws_home/309/description,0,21066,1911,2103,497,33
S2764931087,Applied Water Science,filtered_slice_conditional,Applied Water Science,2190-5487,2190-5487;2190-5495,Springer Nature,journal,TRUE,TRUE,2490,2886,https://link.springer.com/journal/13201,0,0,1,1,0,2879
S53450646,Water Science & Technology,filtered_slice_conditional,Water Science & Technology,0273-1223,0273-1223;1996-9732,Pergamon Press,journal,TRUE,TRUE,NA,29769,https://iwaponline.com/wst,2111,18500,980,225,987,5
S2764832999,Scientific investigations report,filtered_slice_conditional,Scientific investigations report,2328-031X,2328-031X;2328-0328;2332-5607,United States Geological Survey,journal,FALSE,FALSE,NA,4854,http://books.google.com/books?id=xSbwAAAAMAAJ,0,2180,36,68,2556,1
S130511131,Water Environment Research,filtered_slice_conditional,Water Environment Research,0043-1303,0043-1303;1061-4303;1554-7531,Wiley,journal,FALSE,FALSE,3240,6103,https://onlinelibrary.wiley.com/journal/15547531,0,4099,161,216,1006,1
S134216166,Water,filtered_slice_conditional,Water,2073-4441,2073-4441,Multidisciplinary Digital Publishing Institute,journal,TRUE,FALSE,3137,32479,http://www.mdpi.com/journal/water/,0,0,130,0,0,32250
S124203677,Desalination and Water Treatment,filtered_slice_conditional,Desalination and Water Treatment,1944-3986,1944-3986;1944-3994,Taylor & Francis,journal,TRUE,TRUE,1000,20604,https://www.tandfonline.com/toc/tdwt20/current,1829,8805,294,6664,2989,1
S86512602,Desalination,filtered_slice_conditional,Desalination,0011-9164,0011-9164;1873-4464,Elsevier BV,journal,FALSE,FALSE,4580,21195,https://www.journals.elsevier.com/desalination,0,16019,794,643,139,9
S2764859491,Journal of environmental chemical engineering,filtered_slice_conditional,Journal of environmental chemical engineering,2213-2929,2213-2929;2213-3437,Elsevier BV,journal,FALSE,FALSE,3350,24705,https://www.journals.elsevier.com/journal-of-environmental-chemical-engineering,0,21522,838,1854,180,10
S11732831,Environmental Monitoring and Assessment,filtered_slice_conditional,Environmental Monitoring and Assessment,0167-6369,0167-6369;1573-2959,Springer Science+Business Media,journal,FALSE,FALSE,2790,19725,http://www.springer.com/environment/monitoring+-+environmental+analysis/journal/10661,0,16161,752,1310,397,34
S4210200103,Proceedings of the Water Environment Federation,filtered_slice_conditional,Proceedings of the Water Environment Federation,1938-6478,1938-6478,Water Environment Federation,journal,FALSE,FALSE,NA,19732,http://www.ingentaconnect.com/content/wef/wefproc,0,19678,47,0,6,0
S44455300,Journal of Environmental Management,filtered_slice_conditional,Journal of Environmental Management,0301-4797,0301-4797;1095-8630,Elsevier BV,journal,FALSE,FALSE,3750,30683,https://www.journals.elsevier.com/journal-of-environmental-management,0,23195,2314,4151,322,58
S140251998,Journal of Biological Chemistry,filtered_slice_conditional,Journal of Biological Chemistry,0021-9258,0021-9258;1067-8816;1083-351X,Elsevier BV,journal,TRUE,TRUE,3430,214291,https://www.sciencedirect.com/journal/journal-of-biological-chemistry,0,687,15,108558,6,12767
S35825460,Journal of Environmental Sciences,filtered_slice_conditional,Journal of Environmental Sciences,1001-0742,1001-0742;1878-7320,Elsevier BV,journal,FALSE,FALSE,3000,8600,https://www.journals.elsevier.com/journal-of-environmental-sciences,0,7790,372,194,48,6
S86852077,The Science of The Total Environment,filtered_slice_conditional,The Science of The Total Environment,0048-9697,0048-9697;1879-1026,Elsevier BV,journal,FALSE,FALSE,4250,83616,https://www.journals.elsevier.com/science-of-the-total-environment,0,56864,7487,10103,2517,143
S46544255,PLoS neglected tropical diseases,filtered_slice_conditional,PLoS neglected tropical diseases,1935-2727,1935-2727;1935-2735,Public Library of Science,journal,TRUE,TRUE,2670,13470,http://www.plosntds.org/,0,0,14,0,0,13438
S69753523,Separation and Purification Technology,filtered_slice_conditional,Separation and Purification Technology,1383-5866,1383-5866;1873-3794,Elsevier BV,journal,FALSE,FALSE,4060,31412,https://www.journals.elsevier.com/separation-and-purification-technology,0,27883,1241,1819,259,11
S87561820,Environmental Science and Pollution Research,filtered_slice_conditional,Environmental Science and Pollution Research,0944-1344,0944-1344;1614-7499,Springer Science+Business Media,journal,FALSE,FALSE,2790,48964,https://www.springer.com/journal/11356,0,39961,2377,3484,2886,67
S203465130,Chemosphere,filtered_slice_conditional,Chemosphere,0045-6535,0045-6535;1879-1298,Elsevier BV,journal,FALSE,FALSE,4010,50871,http://www.elsevier.com/locate/chemosphere,0,38899,3047,2297,878,48
S4210170078,Oncology Times,filtered_slice_conditional,Oncology Times,0276-2234,0276-2234;1548-4688,Wolters Kluwer,journal,FALSE,FALSE,NA,14327,http://www.oncology-times.com,0,14292,3,17,13,0
S13479253,Environmental Science & Technology,filtered_slice_conditional,Environmental Science & Technology,0013-936X,0013-936X;1520-5851,American Chemical Society,journal,FALSE,FALSE,4500,70425,http://pubs.acs.org/journals/esthag/,0,46138,4579,3800,2132,37
S145089992,Journal of Hazardous Materials,filtered_slice_conditional,Journal of Hazardous Materials,0304-3894,0304-3894;1873-3336,Elsevier BV,journal,FALSE,FALSE,4340,43198,https://www.journals.elsevier.com/journal-of-hazardous-materials,0,36565,1896,2157,418,27
S21442059,Bioresource Technology,filtered_slice_conditional,Bioresource Technology,0960-8524,0960-8524;1873-2976,Elsevier BV,journal,FALSE,FALSE,4880,35501,http://journals.elsevier.com/09608524/bioresource-technology/,0,30221,2072,1488,692,18
S158228368,Applied and Environmental Microbiology,filtered_slice_conditional,Applied and Environmental Microbiology,0099-2240,0099-2240;1070-6291;1098-5336,American Society for Microbiology,journal,TRUE,TRUE,NA,38566,http://aem.asm.org/,1122,4461,15572,1101,4954,28
S70979998,Applied Microbiology and Biotechnology,filtered_slice_conditional,Applied Microbiology and Biotechnology,0175-7598,0175-7598;1432-0614,Springer Science+Business Media,journal,TRUE,TRUE,4190,21824,https://www.springer.com/journal/253,0,13288,1018,1014,562,1150
S100045985,American Journal of Tropical Medicine and Hygiene,filtered_slice_conditional,American Journal of Tropical Medicine and Hygiene,0002-9637,0002-9637;1476-1645,American Society of Tropical Medicine and Hygiene,journal,FALSE,FALSE,NA,23907,http://www.ajtmh.org,0,6173,3748,1844,2540,5
S201530359,Environmental Pollution,filtered_slice_conditional,Environmental Pollution,0269-7491,0269-7491;1873-6424,Elsevier BV,journal,FALSE,FALSE,4090,29200,https://www.journals.elsevier.com/environmental-pollution,0,22020,2238,2361,643,43
S149937609,Chemical Engineering Journal,filtered_slice_conditional,Chemical Engineering Journal,1385-8947,1385-8947;1873-3212,Elsevier BV,journal,FALSE,FALSE,4830,78619,https://www.journals.elsevier.com/chemical-engineering-journal,0,69394,3215,4623,706,41
S119469986,Journal of Membrane Science,filtered_slice_conditional,Journal of Membrane Science,0376-7388,0376-7388;1873-3123,Elsevier BV,journal,FALSE,FALSE,4890,26976,http://www.elsevier.com/wps/find/journaldescription.cws_home/502692/description,0,20819,1588,670,425,10
S58516903,Journal of Cleaner Production,filtered_slice_conditional,Journal of Cleaner Production,0959-6526,0959-6526;1879-1786,Elsevier BV,journal,FALSE,FALSE,4660,50184,https://www.journals.elsevier.com/journal-of-cleaner-production,0,39715,4402,4854,790,85
S2484704948,Frontiers in Microbiology,filtered_slice_conditional,Frontiers in Microbiology,1664-302X,1664-302X,Frontiers Media,journal,TRUE,TRUE,3801,41537,http://www.frontiersin.org/microbiology,0,0,167,0,0,41274
S168522863,Cancer Research,filtered_slice_conditional,Cancer Research,0008-5472,0008-5472;1538-7445,American Association for Cancer Research,journal,FALSE,FALSE,NA,159074,http://cancerres.aacrjournals.org/,0,147669,3697,1175,5414,16
S200071133,Blood,filtered_slice_conditional,Blood,0006-4971,0006-4971;1528-0020,Elsevier BV,journal,FALSE,FALSE,5500,197310,https://www.sciencedirect.com/journal/blood,0,135260,6387,1240,26745,35
S134307298,Applied Catalysis B: Environmental,filtered_slice_conditional,Applied Catalysis B: Environmental,0926-3373,0926-3373;1873-3883,Elsevier BV,journal,FALSE,FALSE,5950,20007,https://www.journals.elsevier.com/applied-catalysis-b-environmental,0,16906,1380,764,442,24
S72684844,Journal of Animal Science,filtered_slice_conditional,Journal of Animal Science,0021-8812,0021-8812;1525-3015;1525-3163;1544-7847,Oxford University Press,journal,FALSE,FALSE,4368,48169,https://academic.oup.com/jas,0,16479,8774,1109,5141,32
S47215897,Antimicrobial Agents and Chemotherapy,filtered_slice_conditional,Antimicrobial Agents and Chemotherapy,0066-4804,0066-4804;1070-6283;1098-6596,American Society for Microbiology,journal,FALSE,FALSE,NA,33714,http://aac.asm.org/,0,2631,14473,2187,4360,12
S2738498342,EFSA Journal,filtered_slice_conditional,EFSA Journal,1831-4732,1831-4732,Wiley,journal,TRUE,TRUE,2400,9368,https://efsa.onlinelibrary.wiley.com/journal/18314732,0,0,30,0,0,9336
S25293849,The FASEB Journal,filtered_slice_conditional,The FASEB Journal,0892-6638,0892-6638;1530-6860,Wiley,journal,FALSE,FALSE,3740,139054,http://www.fasebj.org/,2,129383,3698,2461,1125,23
S10134376,Sustainability,filtered_slice_conditional,Sustainability,2071-1050,2071-1050,Multidisciplinary Digital Publishing Institute,journal,TRUE,FALSE,2896,108899,http://www.mdpi.com/journal/sustainability,0,0,58,0,0,108326
S202381698,PLoS ONE,filtered_slice_conditional,PLoS ONE,1932-6203,1932-6203,Public Library of Science,journal,TRUE,TRUE,2382,341388,http://www.plosone.org/,0,1,369,0,0,340281
S196734849,Scientific Reports,filtered_slice_conditional,Scientific Reports,2045-2322,2045-2322,Nature Portfolio,journal,TRUE,TRUE,2690,309685,http://www.nature.com/srep/index.html,0,0,0,0,0,309062
S15137598,Journal of Clinical Oncology,filtered_slice_conditional,Journal of Clinical Oncology,0732-183X,0732-183X;1527-7755,Lippincott Williams & Wilkins,journal,FALSE,FALSE,NA,174162,http://www.jco.org/,1,147119,3343,1195,18514,37
