dataset,issn,year,records,full_text,open_access
washdev,2043-9083,2021,3,3,3
washdev,2043-9083,2022,0,0,0
washdev,2043-9083,2023,2,2,1
washdev,2043-9083,2024,1,1,1
washdev,2043-9083,2025,0,0,0
washdev,2043-9083,2026,0,0,0
jwh,1477-8920,2021,66,2,2
jwh,1477-8920,2022,140,4,3
jwh,1477-8920,2023,135,3,2
jwh,1477-8920,2024,139,4,3
jwh,1477-8920,2025,104,2,2
jwh,1477-8920,2026,51,5,4
ws,1606-9749,2021,0,0,0
ws,1606-9749,2022,0,0,0
ws,1606-9749,2023,0,0,0
ws,1606-9749,2024,1,1,1
ws,1606-9749,2025,0,0,0
ws,1606-9749,2026,0,0,0
aqua,2709-8028,2021,1,1,1
aqua,2709-8028,2022,0,0,0
aqua,2709-8028,2023,0,0,0
aqua,2709-8028,2024,0,0,0
aqua,2709-8028,2025,0,0,0
aqua,2709-8028,2026,0,0,0
aqua_old,0003-7214,2021,0,0,0
aqua_old,0003-7214,2022,0,0,0
aqua_old,0003-7214,2023,0,0,0
aqua_old,0003-7214,2024,0,0,0
aqua_old,0003-7214,2025,0,0,0
aqua_old,0003-7214,2026,0,0,0
