dataset,pmcid,status,das_section,heading
washdev,PMC12164314,200,TRUE,DATA AVAILABILITY STATEMENT
washdev,PMC11887579,200,TRUE,DATA AVAILABILITY STATEMENT
washdev,PMC12453111,200,TRUE,DATA AVAILABILITY STATEMENT
washdev,PMC7616889,200,TRUE,Data Availability Statement
washdev,PMC8411608,500,NA,NA
jwh,PMC13068161,200,TRUE,DATA AVAILABILITY STATEMENT
jwh,PMC12952685,200,TRUE,DATA AVAILABILITY STATEMENT
jwh,PMC13333207,200,TRUE,DATA AVAILABILITY STATEMENT
jwh,PMC13051650,200,TRUE,DATA AVAILABILITY STATEMENT
jwh,PMC12323735,200,TRUE,DATA AVAILABILITY STATEMENT
jwh,PMC12019785,200,TRUE,DATA AVAILABILITY STATEMENT
jwh,PMC11880899,200,TRUE,DATA AVAILABILITY STATEMENT
jwh,PMC11618379,200,TRUE,DATA AVAILABILITY STATEMENT
jwh,PMC11182191,200,TRUE,DATA AVAILABILITY STATEMENT
jwh,PMC10846915,200,TRUE,DATA AVAILABILITY STATEMENT
ws,PMC11864323,200,TRUE,DATA AVAILABILITY STATEMENT
aqua,PMC8384123,200,TRUE,DATA AVAILABILITY STATEMENT
aqua_old,NA,NA,NA,NA
