dataset,issn,published_year,crossref_works,dataset_rows
washdev,2043-9083,1996,0,0
washdev,2043-9083,1997,0,0
washdev,2043-9083,1998,0,0
washdev,2043-9083,1999,0,0
washdev,2043-9083,2000,0,0
washdev,2043-9083,2001,0,0
washdev,2043-9083,2002,0,0
washdev,2043-9083,2003,0,0
washdev,2043-9083,2004,0,0
washdev,2043-9083,2005,0,0
washdev,2043-9083,2006,0,0
washdev,2043-9083,2007,0,0
washdev,2043-9083,2008,0,0
washdev,2043-9083,2009,0,0
washdev,2043-9083,2010,0,0
washdev,2043-9083,2011,25,25
washdev,2043-9083,2012,29,29
washdev,2043-9083,2013,93,70
washdev,2043-9083,2014,77,78
washdev,2043-9083,2015,51,71
washdev,2043-9083,2016,67,69
washdev,2043-9083,2017,81,64
washdev,2043-9083,2018,73,76
washdev,2043-9083,2019,73,81
washdev,2043-9083,2020,111,99
washdev,2043-9083,2021,96,98
washdev,2043-9083,2022,71,82
washdev,2043-9083,2023,85,91
washdev,2043-9083,2024,120,113
washdev,2043-9083,2025,86,86
washdev,2043-9083,2026,70,42
jwh,1477-8920,1996,0,0
jwh,1477-8920,1997,0,0
jwh,1477-8920,1998,0,0
jwh,1477-8920,1999,0,0
jwh,1477-8920,2000,0,0
jwh,1477-8920,2001,0,0
jwh,1477-8920,2002,0,0
jwh,1477-8920,2003,23,23
jwh,1477-8920,2004,24,24
jwh,1477-8920,2005,43,43
jwh,1477-8920,2006,84,70
jwh,1477-8920,2007,64,64
jwh,1477-8920,2008,68,65
jwh,1477-8920,2009,98,72
jwh,1477-8920,2010,39,76
jwh,1477-8920,2011,81,74
jwh,1477-8920,2012,61,61
jwh,1477-8920,2013,92,71
jwh,1477-8920,2014,114,89
jwh,1477-8920,2015,85,105
jwh,1477-8920,2016,80,93
jwh,1477-8920,2017,94,94
jwh,1477-8920,2018,91,98
jwh,1477-8920,2019,73,83
jwh,1477-8920,2020,105,97
jwh,1477-8920,2021,88,79
jwh,1477-8920,2022,128,142
jwh,1477-8920,2023,153,148
jwh,1477-8920,2024,167,175
jwh,1477-8920,2025,104,104
jwh,1477-8920,2026,88,63
ws,1606-9749,1996,0,0
ws,1606-9749,1997,0,0
ws,1606-9749,1998,0,0
ws,1606-9749,1999,0,0
ws,1606-9749,2000,0,0
ws,1606-9749,2001,139,139
ws,1606-9749,2002,212,212
ws,1606-9749,2003,200,162
ws,1606-9749,2004,135,135
ws,1606-9749,2005,113,113
ws,1606-9749,2006,140,140
ws,1606-9749,2007,115,115
ws,1606-9749,2008,91,91
ws,1606-9749,2009,85,85
ws,1606-9749,2010,113,111
ws,1606-9749,2011,93,93
ws,1606-9749,2012,106,106
ws,1606-9749,2013,239,180
ws,1606-9749,2014,134,136
ws,1606-9749,2015,190,161
ws,1606-9749,2016,201,183
ws,1606-9749,2017,240,179
ws,1606-9749,2018,195,210
ws,1606-9749,2019,207,284
ws,1606-9749,2020,382,319
ws,1606-9749,2021,459,348
ws,1606-9749,2022,396,613
ws,1606-9749,2023,338,344
ws,1606-9749,2024,267,266
ws,1606-9749,2025,104,116
ws,1606-9749,2026,99,43
aqua,2709-8028,1996,0,0
aqua,2709-8028,1997,0,0
aqua,2709-8028,1998,0,35
aqua,2709-8028,1999,0,34
aqua,2709-8028,2000,0,29
aqua,2709-8028,2001,0,32
aqua,2709-8028,2002,0,42
aqua,2709-8028,2003,0,52
aqua,2709-8028,2004,0,46
aqua,2709-8028,2005,0,49
aqua,2709-8028,2006,0,53
aqua,2709-8028,2007,0,49
aqua,2709-8028,2008,0,59
aqua,2709-8028,2009,0,61
aqua,2709-8028,2010,0,50
aqua,2709-8028,2011,0,49
aqua,2709-8028,2012,0,50
aqua,2709-8028,2013,0,55
aqua,2709-8028,2014,0,69
aqua,2709-8028,2015,0,87
aqua,2709-8028,2016,0,57
aqua,2709-8028,2017,0,63
aqua,2709-8028,2018,0,78
aqua,2709-8028,2019,0,72
aqua,2709-8028,2020,0,72
aqua,2709-8028,2021,0,95
aqua,2709-8028,2022,1,100
aqua,2709-8028,2023,138,162
aqua,2709-8028,2024,165,148
aqua,2709-8028,2025,46,52
aqua,2709-8028,2026,42,19
aqua,0003-7214,1996,0,0
aqua,0003-7214,1997,0,0
aqua,0003-7214,1998,53,35
aqua,0003-7214,1999,49,34
aqua,0003-7214,2000,29,29
aqua,0003-7214,2001,32,32
aqua,0003-7214,2002,42,42
aqua,0003-7214,2003,52,52
aqua,0003-7214,2004,46,46
aqua,0003-7214,2005,49,49
aqua,0003-7214,2006,54,53
aqua,0003-7214,2007,49,49
aqua,0003-7214,2008,60,59
aqua,0003-7214,2009,61,61
aqua,0003-7214,2010,50,50
aqua,0003-7214,2011,49,49
aqua,0003-7214,2012,50,50
aqua,0003-7214,2013,92,55
aqua,0003-7214,2014,74,69
aqua,0003-7214,2015,62,87
aqua,0003-7214,2016,46,57
aqua,0003-7214,2017,70,63
aqua,0003-7214,2018,72,78
aqua,0003-7214,2019,81,72
aqua,0003-7214,2020,71,72
aqua,0003-7214,2021,96,95
aqua,0003-7214,2022,93,100
aqua,0003-7214,2023,19,162
aqua,0003-7214,2024,0,148
aqua,0003-7214,2025,0,52
aqua,0003-7214,2026,0,19
